model_name,dataset_name,benchmark_name,benchmark_external_id,train_execution_time_seconds,predict_execution_time_seconds,train_cpu_memory_mb,predict_cpu_memory_mb,train_gpu_memory_mb,predict_gpu_memory_mb
Amazon Chronos-T5-Base Forecasting Model,ARIMA Process,update memory tracker,tU7b7vFoxRG7AOBlhgF6g,0,6.44,0,8.57,0,4747.21
Amazon Chronos-T5-Base Forecasting Model,Air Quality KDD 2018,update memory tracker,tU7b7vFoxRG7AOBlhgF6g,0,27.78,0,65.38,0,5225.55
Amazon Chronos-T5-Base Forecasting Model,Airline Passengers,update memory tracker,tU7b7vFoxRG7AOBlhgF6g,0,3.67,0,8.21,0,832.66
Amazon Chronos-T5-Base Forecasting Model,Atmospheric CO2 Concentrations,update memory tracker,tU7b7vFoxRG7AOBlhgF6g,0,4.75,0,8.26,0,892.1
Amazon Chronos-T5-Base Forecasting Model,Australian Beer Production,update memory tracker,tU7b7vFoxRG7AOBlhgF6g,0,3.41,0,8.21,0,818.59
Amazon Chronos-T5-Base Forecasting Model,Avocado Sales,update memory tracker,tU7b7vFoxRG7AOBlhgF6g,0,9.59,0,9.74,0,4495.9
Amazon Chronos-T5-Base Forecasting Model,Bank Branch Transactions,update memory tracker,tU7b7vFoxRG7AOBlhgF6g,0,5.92,0,8.72,0,4510.23
Amazon Chronos-T5-Base Forecasting Model,Climate Related Disasters Frequency,update memory tracker,tU7b7vFoxRG7AOBlhgF6g,0,4.84,0,8.38,0,4411.17
Amazon Chronos-T5-Base Forecasting Model,Daily Stock Prices ,update memory tracker,tU7b7vFoxRG7AOBlhgF6g,0,9.45,0,12.88,0,4620
Amazon Chronos-T5-Base Forecasting Model,Daily Weather in 26 World Cities,update memory tracker,tU7b7vFoxRG7AOBlhgF6g,0,6.85,0,18.37,0,4536.91
Amazon Chronos-T5-Base Forecasting Model,GDP per Capita Change,update memory tracker,tU7b7vFoxRG7AOBlhgF6g,0,11.88,0,8.38,0,4411.17
Amazon Chronos-T5-Base Forecasting Model,Geometric Brownian Motion,update memory tracker,tU7b7vFoxRG7AOBlhgF6g,0,8.16,0,9.33,0,4468.3
Amazon Chronos-T5-Base Forecasting Model,M4 Forecasting Competition Sampled Daily Series,update memory tracker,tU7b7vFoxRG7AOBlhgF6g,0,17.52,0,10.74,0,5168.72
Amazon Chronos-T5-Base Forecasting Model,M4 Forecasting Competition Sampled Hourly Series,update memory tracker,tU7b7vFoxRG7AOBlhgF6g,0,13.7,0,8.75,0,5225.55
Amazon Chronos-T5-Base Forecasting Model,M4 Forecasting Competition Sampled Monthly Series,update memory tracker,tU7b7vFoxRG7AOBlhgF6g,0,11.3,0,8.87,0,4663.54
Amazon Chronos-T5-Base Forecasting Model,M4 Forecasting Competition Sampled Quarterly Series,update memory tracker,tU7b7vFoxRG7AOBlhgF6g,0,7.5,0,8.36,0,4495.9
Amazon Chronos-T5-Base Forecasting Model,M4 Forecasting Competition Sampled Yearly Series,update memory tracker,tU7b7vFoxRG7AOBlhgF6g,0,6.53,0,8.36,0,4413.1
Amazon Chronos-T5-Base Forecasting Model,Multi-Seasonality Timeseries With Covariates,update memory tracker,tU7b7vFoxRG7AOBlhgF6g,0,5.53,0,8.6,0,4468.3
Amazon Chronos-T5-Base Forecasting Model,Online Retail Sales,update memory tracker,tU7b7vFoxRG7AOBlhgF6g,0,6.64,0,8.67,0,4620
Amazon Chronos-T5-Base Forecasting Model,PJM Hourly Energy Consumption,update memory tracker,tU7b7vFoxRG7AOBlhgF6g,0,7.77,0,13.5,0,5225.55
Amazon Chronos-T5-Base Forecasting Model,Random Walk Dataset,update memory tracker,tU7b7vFoxRG7AOBlhgF6g,0,15.45,0,8.96,0,4677.87
Amazon Chronos-T5-Base Forecasting Model,Seattle Burke Gilman Trail,update memory tracker,tU7b7vFoxRG7AOBlhgF6g,0,7.33,0,9.65,0,2336.32
Amazon Chronos-T5-Base Forecasting Model,Smoke Test Forecasting,update memory tracker,tU7b7vFoxRG7AOBlhgF6g,0,3.54,0,8.18,0,2465.53
Amazon Chronos-T5-Base Forecasting Model,Sunspots,update memory tracker,tU7b7vFoxRG7AOBlhgF6g,0,6.64,0,8.43,0,899.31
Amazon Chronos-T5-Base Forecasting Model,Theme Park Attendance,update memory tracker,tU7b7vFoxRG7AOBlhgF6g,0,3.98,0,9.06,0,828.44
Amazon Chronos-T5-Large Forecasting Model,ARIMA Process,update memory tracker,G7a9F9piJ0PB5wg5glb9s,0,12.24,0,14.17,0,12505.02
Amazon Chronos-T5-Large Forecasting Model,Air Quality KDD 2018,update memory tracker,G7a9F9piJ0PB5wg5glb9s,0,51.72,0,67.81,0,13779.09
Amazon Chronos-T5-Large Forecasting Model,Airline Passengers,update memory tracker,G7a9F9piJ0PB5wg5glb9s,0,5.71,0,13.82,0,2712.48
Amazon Chronos-T5-Large Forecasting Model,Atmospheric CO2 Concentrations,update memory tracker,G7a9F9piJ0PB5wg5glb9s,0,7.38,0,13.88,0,2712.48
Amazon Chronos-T5-Large Forecasting Model,Australian Beer Production,update memory tracker,G7a9F9piJ0PB5wg5glb9s,0,5.21,0,13.83,0,2712.48
Amazon Chronos-T5-Large Forecasting Model,Avocado Sales,update memory tracker,G7a9F9piJ0PB5wg5glb9s,0,19.95,0,15.35,0,11829.68
Amazon Chronos-T5-Large Forecasting Model,Bank Branch Transactions,update memory tracker,G7a9F9piJ0PB5wg5glb9s,0,9.96,0,14.32,0,11867.83
Amazon Chronos-T5-Large Forecasting Model,Climate Related Disasters Frequency,update memory tracker,G7a9F9piJ0PB5wg5glb9s,0,8.92,0,14.03,0,11569.21
Amazon Chronos-T5-Large Forecasting Model,Daily Stock Prices ,update memory tracker,G7a9F9piJ0PB5wg5glb9s,0,17.53,0,16.95,0,12168.27
Amazon Chronos-T5-Large Forecasting Model,Daily Weather in 26 World Cities,update memory tracker,G7a9F9piJ0PB5wg5glb9s,0,10.53,0,18.51,0,11941.84
Amazon Chronos-T5-Large Forecasting Model,GDP per Capita Change,update memory tracker,G7a9F9piJ0PB5wg5glb9s,0,12.02,0,14,0,11569.21
Amazon Chronos-T5-Large Forecasting Model,Geometric Brownian Motion,update memory tracker,G7a9F9piJ0PB5wg5glb9s,0,38.16,0,14.97,0,11758.68
Amazon Chronos-T5-Large Forecasting Model,M4 Forecasting Competition Sampled Daily Series,update memory tracker,G7a9F9piJ0PB5wg5glb9s,0,38.72,0,15.49,0,13630.13
Amazon Chronos-T5-Large Forecasting Model,M4 Forecasting Competition Sampled Hourly Series,update memory tracker,G7a9F9piJ0PB5wg5glb9s,0,29.94,0,14.38,0,13779.09
Amazon Chronos-T5-Large Forecasting Model,M4 Forecasting Competition Sampled Monthly Series,update memory tracker,G7a9F9piJ0PB5wg5glb9s,0,24.29,0,14.49,0,12279.5
Amazon Chronos-T5-Large Forecasting Model,M4 Forecasting Competition Sampled Quarterly Series,update memory tracker,G7a9F9piJ0PB5wg5glb9s,0,15.4,0,14.01,0,11829.68
Amazon Chronos-T5-Large Forecasting Model,M4 Forecasting Competition Sampled Yearly Series,update memory tracker,G7a9F9piJ0PB5wg5glb9s,0,13.74,0,13.96,0,11607.07
Amazon Chronos-T5-Large Forecasting Model,Multi-Seasonality Timeseries With Covariates,update memory tracker,G7a9F9piJ0PB5wg5glb9s,0,30.27,0,14.23,0,11758.68
Amazon Chronos-T5-Large Forecasting Model,Online Retail Sales,update memory tracker,G7a9F9piJ0PB5wg5glb9s,0,13.7,0,14.28,0,12168.27
Amazon Chronos-T5-Large Forecasting Model,PJM Hourly Energy Consumption,update memory tracker,G7a9F9piJ0PB5wg5glb9s,0,13.86,0,16.83,0,13779.09
Amazon Chronos-T5-Large Forecasting Model,Random Walk Dataset,update memory tracker,G7a9F9piJ0PB5wg5glb9s,0,43.55,0,14.59,0,12328.65
Amazon Chronos-T5-Large Forecasting Model,Seattle Burke Gilman Trail,update memory tracker,G7a9F9piJ0PB5wg5glb9s,0,12.57,0,15.29,0,6336.58
Amazon Chronos-T5-Large Forecasting Model,Smoke Test Forecasting,update memory tracker,G7a9F9piJ0PB5wg5glb9s,0,5.71,0,13.81,0,6560.81
Amazon Chronos-T5-Large Forecasting Model,Sunspots,update memory tracker,G7a9F9piJ0PB5wg5glb9s,0,11.01,0,14.06,0,2712.48
Amazon Chronos-T5-Large Forecasting Model,Theme Park Attendance,update memory tracker,G7a9F9piJ0PB5wg5glb9s,0,26.88,0,14.69,0,2712.48
Amazon Chronos-T5-Mini Forecasting Model,ARIMA Process,update memory tracker,wVijDCm5QbtunPbuGDe6u,0,3.57,0,4.83,0,1132.67
Amazon Chronos-T5-Mini Forecasting Model,Air Quality KDD 2018,update memory tracker,wVijDCm5QbtunPbuGDe6u,0,15.3,0,63.76,0,1238.13
Amazon Chronos-T5-Mini Forecasting Model,Airline Passengers,update memory tracker,wVijDCm5QbtunPbuGDe6u,0,2.69,0,4.48,0,153.77
Amazon Chronos-T5-Mini Forecasting Model,Atmospheric CO2 Concentrations,update memory tracker,wVijDCm5QbtunPbuGDe6u,0,5.23,0,4.53,0,172.41
Amazon Chronos-T5-Mini Forecasting Model,Australian Beer Production,update memory tracker,wVijDCm5QbtunPbuGDe6u,0,2.58,0,4.49,0,150.64
Amazon Chronos-T5-Mini Forecasting Model,Avocado Sales,update memory tracker,wVijDCm5QbtunPbuGDe6u,0,5.58,0,7.15,0,1075.56
Amazon Chronos-T5-Mini Forecasting Model,Bank Branch Transactions,update memory tracker,wVijDCm5QbtunPbuGDe6u,0,3.2,0,4.98,0,1078.5
Amazon Chronos-T5-Mini Forecasting Model,Climate Related Disasters Frequency,update memory tracker,wVijDCm5QbtunPbuGDe6u,0,2.92,0,4.66,0,1052.67
Amazon Chronos-T5-Mini Forecasting Model,Daily Stock Prices ,update memory tracker,wVijDCm5QbtunPbuGDe6u,0,6.37,0,11.25,0,1103.14
Amazon Chronos-T5-Mini Forecasting Model,Daily Weather in 26 World Cities,update memory tracker,wVijDCm5QbtunPbuGDe6u,0,4.32,0,18.37,0,1085.28
Amazon Chronos-T5-Mini Forecasting Model,GDP per Capita Change,update memory tracker,wVijDCm5QbtunPbuGDe6u,0,3.21,0,4.63,0,1052.67
Amazon Chronos-T5-Mini Forecasting Model,Geometric Brownian Motion,update memory tracker,wVijDCm5QbtunPbuGDe6u,0,3.96,0,7.43,0,1069.08
Amazon Chronos-T5-Mini Forecasting Model,M4 Forecasting Competition Sampled Daily Series,update memory tracker,wVijDCm5QbtunPbuGDe6u,0,6.61,0,9.12,0,1225.13
Amazon Chronos-T5-Mini Forecasting Model,M4 Forecasting Competition Sampled Hourly Series,update memory tracker,wVijDCm5QbtunPbuGDe6u,0,5.55,0,5.21,0,1238.13
Amazon Chronos-T5-Mini Forecasting Model,M4 Forecasting Competition Sampled Monthly Series,update memory tracker,wVijDCm5QbtunPbuGDe6u,0,4.82,0,5.5,0,1112.15
Amazon Chronos-T5-Mini Forecasting Model,M4 Forecasting Competition Sampled Quarterly Series,update memory tracker,wVijDCm5QbtunPbuGDe6u,0,3.66,0,4.64,0,1075.56
Amazon Chronos-T5-Mini Forecasting Model,M4 Forecasting Competition Sampled Yearly Series,update memory tracker,wVijDCm5QbtunPbuGDe6u,0,3.37,0,4.63,0,1058.09
Amazon Chronos-T5-Mini Forecasting Model,Multi-Seasonality Timeseries With Covariates,update memory tracker,wVijDCm5QbtunPbuGDe6u,0,3.53,0,4.82,0,1069.08
Amazon Chronos-T5-Mini Forecasting Model,Online Retail Sales,update memory tracker,wVijDCm5QbtunPbuGDe6u,0,3.68,0,4.91,0,1103.14
Amazon Chronos-T5-Mini Forecasting Model,PJM Hourly Energy Consumption,update memory tracker,wVijDCm5QbtunPbuGDe6u,0,4.93,0,11.88,0,1238.13
Amazon Chronos-T5-Mini Forecasting Model,Random Walk Dataset,update memory tracker,wVijDCm5QbtunPbuGDe6u,0,5.17,0,6.07,0,1115.28
Amazon Chronos-T5-Mini Forecasting Model,Seattle Burke Gilman Trail,update memory tracker,wVijDCm5QbtunPbuGDe6u,0,4.88,0,6.4,0,524.52
Amazon Chronos-T5-Mini Forecasting Model,Smoke Test Forecasting,update memory tracker,wVijDCm5QbtunPbuGDe6u,0,2.65,0,4.45,0,558.95
Amazon Chronos-T5-Mini Forecasting Model,Sunspots,update memory tracker,wVijDCm5QbtunPbuGDe6u,0,3.94,0,4.68,0,175.66
Amazon Chronos-T5-Mini Forecasting Model,Theme Park Attendance,update memory tracker,wVijDCm5QbtunPbuGDe6u,0,2.92,0,5.33,0,152.83
Amazon Chronos-T5-Small Forecasting Model,ARIMA Process,update memory tracker,X1K1F7y0WYW2jX2kI20sx,0,4.03,0,5.73,0,1649.97
Amazon Chronos-T5-Small Forecasting Model,Air Quality KDD 2018,update memory tracker,X1K1F7y0WYW2jX2kI20sx,0,17.19,0,64.17,0,1809.26
Amazon Chronos-T5-Small Forecasting Model,Airline Passengers,update memory tracker,X1K1F7y0WYW2jX2kI20sx,0,2.91,0,5.4,0,245.74
Amazon Chronos-T5-Small Forecasting Model,Atmospheric CO2 Concentrations,update memory tracker,X1K1F7y0WYW2jX2kI20sx,0,3.46,0,5.45,0,277.2
Amazon Chronos-T5-Small Forecasting Model,Australian Beer Production,update memory tracker,X1K1F7y0WYW2jX2kI20sx,0,2.84,0,5.4,0,241.05
Amazon Chronos-T5-Small Forecasting Model,Avocado Sales,update memory tracker,X1K1F7y0WYW2jX2kI20sx,0,5.21,0,7.54,0,1567.93
Amazon Chronos-T5-Small Forecasting Model,Bank Branch Transactions,update memory tracker,X1K1F7y0WYW2jX2kI20sx,0,3.76,0,5.88,0,1573.6
Amazon Chronos-T5-Small Forecasting Model,Climate Related Disasters Frequency,update memory tracker,X1K1F7y0WYW2jX2kI20sx,0,4.72,0,5.56,0,1532.36
Amazon Chronos-T5-Small Forecasting Model,Daily Stock Prices ,update memory tracker,X1K1F7y0WYW2jX2kI20sx,0,7.26,0,11.65,0,1608.41
Amazon Chronos-T5-Small Forecasting Model,Daily Weather in 26 World Cities,update memory tracker,X1K1F7y0WYW2jX2kI20sx,0,4.66,0,18.37,0,1579.68
Amazon Chronos-T5-Small Forecasting Model,GDP per Capita Change,update memory tracker,X1K1F7y0WYW2jX2kI20sx,0,3.6,0,5.56,0,1532.36
Amazon Chronos-T5-Small Forecasting Model,Geometric Brownian Motion,update memory tracker,X1K1F7y0WYW2jX2kI20sx,0,6.26,0,7.85,0,1559.06
Amazon Chronos-T5-Small Forecasting Model,M4 Forecasting Competition Sampled Daily Series,update memory tracker,X1K1F7y0WYW2jX2kI20sx,0,8.09,0,9.52,0,1791.13
Amazon Chronos-T5-Small Forecasting Model,M4 Forecasting Competition Sampled Hourly Series,update memory tracker,X1K1F7y0WYW2jX2kI20sx,0,6.83,0,5.92,0,1809.26
Amazon Chronos-T5-Small Forecasting Model,M4 Forecasting Competition Sampled Monthly Series,update memory tracker,X1K1F7y0WYW2jX2kI20sx,0,6.96,0,6.01,0,1621.85
Amazon Chronos-T5-Small Forecasting Model,M4 Forecasting Competition Sampled Quarterly Series,update memory tracker,X1K1F7y0WYW2jX2kI20sx,0,5.7,0,5.56,0,1567.93
Amazon Chronos-T5-Small Forecasting Model,M4 Forecasting Competition Sampled Yearly Series,update memory tracker,X1K1F7y0WYW2jX2kI20sx,0,3.81,0,5.54,0,1543.03
Amazon Chronos-T5-Small Forecasting Model,Multi-Seasonality Timeseries With Covariates,update memory tracker,X1K1F7y0WYW2jX2kI20sx,0,3.48,0,5.77,0,1559.06
Amazon Chronos-T5-Small Forecasting Model,Online Retail Sales,update memory tracker,X1K1F7y0WYW2jX2kI20sx,0,4.94,0,5.86,0,1608.41
Amazon Chronos-T5-Small Forecasting Model,PJM Hourly Energy Consumption,update memory tracker,X1K1F7y0WYW2jX2kI20sx,0,4.49,0,12.28,0,1809.26
Amazon Chronos-T5-Small Forecasting Model,Random Walk Dataset,update memory tracker,X1K1F7y0WYW2jX2kI20sx,0,5.43,0,6.49,0,1627.36
Amazon Chronos-T5-Small Forecasting Model,Seattle Burke Gilman Trail,update memory tracker,X1K1F7y0WYW2jX2kI20sx,0,5.02,0,6.83,0,781.35
Amazon Chronos-T5-Small Forecasting Model,Smoke Test Forecasting,update memory tracker,X1K1F7y0WYW2jX2kI20sx,0,2.9,0,5.36,0,825.27
Amazon Chronos-T5-Small Forecasting Model,Sunspots,update memory tracker,X1K1F7y0WYW2jX2kI20sx,0,4.67,0,5.6,0,277.2
Amazon Chronos-T5-Small Forecasting Model,Theme Park Attendance,update memory tracker,X1K1F7y0WYW2jX2kI20sx,0,3.07,0,6.24,0,244.33
Amazon Chronos-T5-Tiny Forecasting Model,ARIMA Process,update memory tracker,1NsFE0DGwf5awR1XTOrqv,0,3.46,0,4.83,0,580.68
Amazon Chronos-T5-Tiny Forecasting Model,Air Quality KDD 2018,update memory tracker,1NsFE0DGwf5awR1XTOrqv,0,14.87,0,63.76,0,633.88
Amazon Chronos-T5-Tiny Forecasting Model,Airline Passengers,update memory tracker,1NsFE0DGwf5awR1XTOrqv,0,2.71,0,4.48,0,77.78
Amazon Chronos-T5-Tiny Forecasting Model,Atmospheric CO2 Concentrations,update memory tracker,1NsFE0DGwf5awR1XTOrqv,0,3.07,0,4.53,0,84.36
Amazon Chronos-T5-Tiny Forecasting Model,Australian Beer Production,update memory tracker,1NsFE0DGwf5awR1XTOrqv,0,2.58,0,4.46,0,76.21
Amazon Chronos-T5-Tiny Forecasting Model,Avocado Sales,update memory tracker,1NsFE0DGwf5awR1XTOrqv,0,4.35,0,7.13,0,558.96
Amazon Chronos-T5-Tiny Forecasting Model,Bank Branch Transactions,update memory tracker,1NsFE0DGwf5awR1XTOrqv,0,3.18,0,4.97,0,559.45
Amazon Chronos-T5-Tiny Forecasting Model,Climate Related Disasters Frequency,update memory tracker,1NsFE0DGwf5awR1XTOrqv,0,2.86,0,4.65,0,541.52
Amazon Chronos-T5-Tiny Forecasting Model,Daily Stock Prices ,update memory tracker,1NsFE0DGwf5awR1XTOrqv,0,4.78,0,11.26,0,566.91
Amazon Chronos-T5-Tiny Forecasting Model,Daily Weather in 26 World Cities,update memory tracker,1NsFE0DGwf5awR1XTOrqv,0,4.21,0,18.37,0,562.09
Amazon Chronos-T5-Tiny Forecasting Model,GDP per Capita Change,update memory tracker,1NsFE0DGwf5awR1XTOrqv,0,3.14,0,4.63,0,541.52
Amazon Chronos-T5-Tiny Forecasting Model,Geometric Brownian Motion,update memory tracker,1NsFE0DGwf5awR1XTOrqv,0,3.73,0,7.42,0,549.35
Amazon Chronos-T5-Tiny Forecasting Model,M4 Forecasting Competition Sampled Daily Series,update memory tracker,1NsFE0DGwf5awR1XTOrqv,0,6.19,0,9.12,0,627.53
Amazon Chronos-T5-Tiny Forecasting Model,M4 Forecasting Competition Sampled Hourly Series,update memory tracker,1NsFE0DGwf5awR1XTOrqv,0,5.85,0,5.19,0,633.88
Amazon Chronos-T5-Tiny Forecasting Model,M4 Forecasting Competition Sampled Monthly Series,update memory tracker,1NsFE0DGwf5awR1XTOrqv,0,5.45,0,5.51,0,571.72
Amazon Chronos-T5-Tiny Forecasting Model,M4 Forecasting Competition Sampled Quarterly Series,update memory tracker,1NsFE0DGwf5awR1XTOrqv,0,3.57,0,4.65,0,558.96
Amazon Chronos-T5-Tiny Forecasting Model,M4 Forecasting Competition Sampled Yearly Series,update memory tracker,1NsFE0DGwf5awR1XTOrqv,0,3.21,0,4.62,0,543.08
Amazon Chronos-T5-Tiny Forecasting Model,Multi-Seasonality Timeseries With Covariates,update memory tracker,1NsFE0DGwf5awR1XTOrqv,0,3.02,0,4.84,0,549.35
Amazon Chronos-T5-Tiny Forecasting Model,Online Retail Sales,update memory tracker,1NsFE0DGwf5awR1XTOrqv,0,3.41,0,4.93,0,566.91
Amazon Chronos-T5-Tiny Forecasting Model,PJM Hourly Energy Consumption,update memory tracker,1NsFE0DGwf5awR1XTOrqv,0,5.04,0,11.88,0,633.88
Amazon Chronos-T5-Tiny Forecasting Model,Random Walk Dataset,update memory tracker,1NsFE0DGwf5awR1XTOrqv,0,4.33,0,6.06,0,574.1
Amazon Chronos-T5-Tiny Forecasting Model,Seattle Burke Gilman Trail,update memory tracker,1NsFE0DGwf5awR1XTOrqv,0,4.21,0,6.4,0,269.97
Amazon Chronos-T5-Tiny Forecasting Model,Smoke Test Forecasting,update memory tracker,1NsFE0DGwf5awR1XTOrqv,0,2.67,0,4.43,0,295.57
Amazon Chronos-T5-Tiny Forecasting Model,Sunspots,update memory tracker,1NsFE0DGwf5awR1XTOrqv,0,4,0,4.69,0,85
Amazon Chronos-T5-Tiny Forecasting Model,Theme Park Attendance,update memory tracker,1NsFE0DGwf5awR1XTOrqv,0,3.49,0,5.33,0,77.31
AutoARIMA Forecaster in Darts,ARIMA Process,Run new benchmark with after mac,Cfdn1s47cet1tDfVlQt8r,1298.39,1.65,410.31,213.38,0,0
AutoARIMA Forecaster in Darts,Air Quality KDD 2018,Run new benchmark with after mac,Cfdn1s47cet1tDfVlQt8r,1846.3,2.96,946.55,518.51,0,0
AutoARIMA Forecaster in Darts,Airline Passengers,Run new benchmark with after mac,Cfdn1s47cet1tDfVlQt8r,182.41,0.14,44.99,6.41,0,0
AutoARIMA Forecaster in Darts,Atmospheric CO2 Concentrations,Run new benchmark with after mac,Cfdn1s47cet1tDfVlQt8r,41.87,0.17,107.36,17.31,0,0
AutoARIMA Forecaster in Darts,Australian Beer Production,Run new benchmark with after mac,Cfdn1s47cet1tDfVlQt8r,22.53,0.14,31.15,3.3,0,0
AutoARIMA Forecaster in Darts,Avocado Sales,Run new benchmark with after mac,Cfdn1s47cet1tDfVlQt8r,755.48,6.59,130.48,159.44,0,0
AutoARIMA Forecaster in Darts,Bank Branch Transactions,Run new benchmark with after mac,Cfdn1s47cet1tDfVlQt8r,3.27,1.99,10.81,23.31,0,0
AutoARIMA Forecaster in Darts,Climate Related Disasters Frequency,Run new benchmark with after mac,Cfdn1s47cet1tDfVlQt8r,585.35,2.46,20.64,37.51,0,0
AutoARIMA Forecaster in Darts,Daily Stock Prices ,Run new benchmark with after mac,Cfdn1s47cet1tDfVlQt8r,304.03,2.53,87.68,81.73,0,0
AutoARIMA Forecaster in Darts,Daily Weather in 26 World Cities,Run new benchmark with after mac,Cfdn1s47cet1tDfVlQt8r,4.08,1.89,20.78,23.58,0,0
AutoARIMA Forecaster in Darts,GDP per Capita Change,Run new benchmark with after mac,Cfdn1s47cet1tDfVlQt8r,763.38,4.98,32.69,61.99,0,0
AutoARIMA Forecaster in Darts,Geometric Brownian Motion,Run new benchmark with after mac,Cfdn1s47cet1tDfVlQt8r,609.73,5.28,74.6,100.2,0,0
AutoARIMA Forecaster in Darts,M4 Forecasting Competition Sampled Daily Series,Run new benchmark with after mac,Cfdn1s47cet1tDfVlQt8r,3160.15,6.23,1344.23,1412.29,0,0
AutoARIMA Forecaster in Darts,M4 Forecasting Competition Sampled Hourly Series,Run new benchmark with after mac,Cfdn1s47cet1tDfVlQt8r,7304.11,2.83,963.28,603.1,0,0
AutoARIMA Forecaster in Darts,M4 Forecasting Competition Sampled Monthly Series,Run new benchmark with after mac,Cfdn1s47cet1tDfVlQt8r,12342.39,5.52,620.49,755.94,0,0
AutoARIMA Forecaster in Darts,M4 Forecasting Competition Sampled Quarterly Series,Run new benchmark with after mac,Cfdn1s47cet1tDfVlQt8r,1043.23,3.87,72.8,92.12,0,0
AutoARIMA Forecaster in Darts,M4 Forecasting Competition Sampled Yearly Series,Run new benchmark with after mac,Cfdn1s47cet1tDfVlQt8r,670.93,5.59,33.43,69.96,0,0
AutoARIMA Forecaster in Darts,Multi-Seasonality Timeseries With Covariates,Run new benchmark with after mac,Cfdn1s47cet1tDfVlQt8r,5.35,2.17,11.62,26.01,0,0
AutoARIMA Forecaster in Darts,Online Retail Sales,Run new benchmark with after mac,Cfdn1s47cet1tDfVlQt8r,1619.98,2.4,221.27,143.64,0,0
AutoARIMA Forecaster in Darts,PJM Hourly Energy Consumption,Run new benchmark with after mac,Cfdn1s47cet1tDfVlQt8r,4974.77,1.89,1517.74,679.8,0,0
AutoARIMA Forecaster in Darts,Random Walk Dataset,Run new benchmark with after mac,Cfdn1s47cet1tDfVlQt8r,519.73,3.75,139.58,104.68,0,0
AutoARIMA Forecaster in Darts,Seattle Burke Gilman Trail,Run new benchmark with after mac,Cfdn1s47cet1tDfVlQt8r,11.22,0.45,15.43,19.72,0,0
AutoARIMA Forecaster in Darts,Smoke Test Forecasting,Run new benchmark with after mac,Cfdn1s47cet1tDfVlQt8r,993.81,0.44,47.48,18.45,0,0
AutoARIMA Forecaster in Darts,Sunspots,Run new benchmark with after mac,Cfdn1s47cet1tDfVlQt8r,844.77,0.63,1523.39,89.93,0,0
AutoARIMA Forecaster in Darts,Theme Park Attendance,Run new benchmark with after mac,Cfdn1s47cet1tDfVlQt8r,978.94,0.17,98.47,8.41,0,0
BATS Forecaster in Darts,ARIMA Process,with njobs set,6zofhBE1TM2BFj0jV1az3,694.74,0.22,2.4,2.35,0,0
BATS Forecaster in Darts,Air Quality KDD 2018,with njobs set,6zofhBE1TM2BFj0jV1az3,1785.89,0.39,59.89,4.12,0,0
BATS Forecaster in Darts,Airline Passengers,with njobs set,6zofhBE1TM2BFj0jV1az3,29.52,0.05,1.39,1.37,0,0
BATS Forecaster in Darts,Atmospheric CO2 Concentrations,with njobs set,6zofhBE1TM2BFj0jV1az3,40.84,0.06,1.43,1.38,0,0
BATS Forecaster in Darts,Australian Beer Production,with njobs set,6zofhBE1TM2BFj0jV1az3,24.77,0.06,1.39,1.36,0,0
BATS Forecaster in Darts,Avocado Sales,with njobs set,6zofhBE1TM2BFj0jV1az3,2821.67,1.24,6.31,6.46,0,0
BATS Forecaster in Darts,Bank Branch Transactions,with njobs set,6zofhBE1TM2BFj0jV1az3,1067.48,0.43,2.45,3.11,0,0
BATS Forecaster in Darts,Climate Related Disasters Frequency,with njobs set,6zofhBE1TM2BFj0jV1az3,1244.74,0.48,2,3.63,0,0
BATS Forecaster in Darts,Daily Stock Prices ,with njobs set,6zofhBE1TM2BFj0jV1az3,1398.48,0.49,9.17,3.53,0,0
BATS Forecaster in Darts,Daily Weather in 26 World Cities,with njobs set,6zofhBE1TM2BFj0jV1az3,736.99,0.31,18,2.6,0,0
BATS Forecaster in Darts,GDP per Capita Change,with njobs set,6zofhBE1TM2BFj0jV1az3,1925.98,0.81,2.76,5.49,0,0
BATS Forecaster in Darts,Geometric Brownian Motion,with njobs set,6zofhBE1TM2BFj0jV1az3,2683.49,0.86,5.93,5.43,0,0
BATS Forecaster in Darts,M4 Forecasting Competition Sampled Daily Series,with njobs set,6zofhBE1TM2BFj0jV1az3,1883.13,0.51,7.67,4.33,0,0
BATS Forecaster in Darts,M4 Forecasting Competition Sampled Hourly Series,with njobs set,6zofhBE1TM2BFj0jV1az3,2381.53,0.34,3.52,3.12,0,0
BATS Forecaster in Darts,M4 Forecasting Competition Sampled Monthly Series,with njobs set,6zofhBE1TM2BFj0jV1az3,2572.18,1.1,4.66,5.85,0,0
BATS Forecaster in Darts,M4 Forecasting Competition Sampled Quarterly Series,with njobs set,6zofhBE1TM2BFj0jV1az3,2237.42,0.88,2.72,5.14,0,0
BATS Forecaster in Darts,M4 Forecasting Competition Sampled Yearly Series,with njobs set,6zofhBE1TM2BFj0jV1az3,2568.74,1.08,2.99,5.99,0,0
BATS Forecaster in Darts,Multi-Seasonality Timeseries With Covariates,with njobs set,6zofhBE1TM2BFj0jV1az3,1049,0.31,2.51,2.71,0,0
BATS Forecaster in Darts,Online Retail Sales,with njobs set,6zofhBE1TM2BFj0jV1az3,895.28,0.39,2.77,3.35,0,0
BATS Forecaster in Darts,PJM Hourly Energy Consumption,with njobs set,6zofhBE1TM2BFj0jV1az3,618.48,0.17,11.25,2.1,0,0
BATS Forecaster in Darts,Random Walk Dataset,with njobs set,6zofhBE1TM2BFj0jV1az3,1688.36,0.6,4.5,4.27,0,0
BATS Forecaster in Darts,Seattle Burke Gilman Trail,with njobs set,6zofhBE1TM2BFj0jV1az3,202.19,0.11,4.02,1.79,0,0
BATS Forecaster in Darts,Smoke Test Forecasting,with njobs set,6zofhBE1TM2BFj0jV1az3,139.15,0.08,1.4,1.46,0,0
BATS Forecaster in Darts,Sunspots,with njobs set,6zofhBE1TM2BFj0jV1az3,30.06,0.08,1.5,1.42,0,0
BATS Forecaster in Darts,Theme Park Attendance,with njobs set,6zofhBE1TM2BFj0jV1az3,27.88,0.12,3.29,1.54,0,0
Double Exponential Smoothing Forecaster in NumPy,ARIMA Process,adding loading data to tracked t,A6tkHoweIgyQk5FkqZ0wf,0.19,0.09,2.28,1.37,0,0
Double Exponential Smoothing Forecaster in NumPy,Air Quality KDD 2018,adding loading data to tracked t,A6tkHoweIgyQk5FkqZ0wf,8.87,0.14,58.51,1.49,0,0
Double Exponential Smoothing Forecaster in NumPy,Airline Passengers,adding loading data to tracked t,A6tkHoweIgyQk5FkqZ0wf,0.09,0.05,1.38,1.36,0,0
Double Exponential Smoothing Forecaster in NumPy,Atmospheric CO2 Concentrations,adding loading data to tracked t,A6tkHoweIgyQk5FkqZ0wf,0.07,0.05,1.43,1.36,0,0
Double Exponential Smoothing Forecaster in NumPy,Australian Beer Production,adding loading data to tracked t,A6tkHoweIgyQk5FkqZ0wf,0.08,0.07,1.38,1.36,0,0
Double Exponential Smoothing Forecaster in NumPy,Avocado Sales,adding loading data to tracked t,A6tkHoweIgyQk5FkqZ0wf,0.73,0.21,4.29,1.48,0,0
Double Exponential Smoothing Forecaster in NumPy,Bank Branch Transactions,adding loading data to tracked t,A6tkHoweIgyQk5FkqZ0wf,0.32,0.13,2.06,1.41,0,0
Double Exponential Smoothing Forecaster in NumPy,Climate Related Disasters Frequency,adding loading data to tracked t,A6tkHoweIgyQk5FkqZ0wf,0.18,0.13,1.48,1.39,0,0
Double Exponential Smoothing Forecaster in NumPy,Daily Stock Prices ,adding loading data to tracked t,A6tkHoweIgyQk5FkqZ0wf,1.2,0.13,8.99,1.38,0,0
Double Exponential Smoothing Forecaster in NumPy,Daily Weather in 26 World Cities,adding loading data to tracked t,A6tkHoweIgyQk5FkqZ0wf,1.63,0.09,18.02,1.4,0,0
Double Exponential Smoothing Forecaster in NumPy,GDP per Capita Change,adding loading data to tracked t,A6tkHoweIgyQk5FkqZ0wf,0.17,0.17,1.55,1.44,0,0
Double Exponential Smoothing Forecaster in NumPy,Geometric Brownian Motion,adding loading data to tracked t,A6tkHoweIgyQk5FkqZ0wf,0.35,0.19,5.3,1.39,0,0
Double Exponential Smoothing Forecaster in NumPy,M4 Forecasting Competition Sampled Daily Series,adding loading data to tracked t,A6tkHoweIgyQk5FkqZ0wf,0.51,0.15,7.7,1.4,0,0
Double Exponential Smoothing Forecaster in NumPy,M4 Forecasting Competition Sampled Hourly Series,adding loading data to tracked t,A6tkHoweIgyQk5FkqZ0wf,0.23,0.11,2.69,1.38,0,0
Double Exponential Smoothing Forecaster in NumPy,M4 Forecasting Competition Sampled Monthly Series,adding loading data to tracked t,A6tkHoweIgyQk5FkqZ0wf,0.33,0.17,2.8,1.46,0,0
Double Exponential Smoothing Forecaster in NumPy,M4 Forecasting Competition Sampled Quarterly Series,adding loading data to tracked t,A6tkHoweIgyQk5FkqZ0wf,0.23,0.17,1.51,1.44,0,0
Double Exponential Smoothing Forecaster in NumPy,M4 Forecasting Competition Sampled Yearly Series,adding loading data to tracked t,A6tkHoweIgyQk5FkqZ0wf,0.18,0.19,1.47,1.44,0,0
Double Exponential Smoothing Forecaster in NumPy,Multi-Seasonality Timeseries With Covariates,adding loading data to tracked t,A6tkHoweIgyQk5FkqZ0wf,0.15,0.1,2.54,1.37,0,0
Double Exponential Smoothing Forecaster in NumPy,Online Retail Sales,adding loading data to tracked t,A6tkHoweIgyQk5FkqZ0wf,0.24,0.1,2.13,1.39,0,0
Double Exponential Smoothing Forecaster in NumPy,PJM Hourly Energy Consumption,adding loading data to tracked t,A6tkHoweIgyQk5FkqZ0wf,0.96,0.07,11.27,1.38,0,0
Double Exponential Smoothing Forecaster in NumPy,Random Walk Dataset,adding loading data to tracked t,A6tkHoweIgyQk5FkqZ0wf,0.33,0.14,3.66,1.38,0,0
Double Exponential Smoothing Forecaster in NumPy,Seattle Burke Gilman Trail,adding loading data to tracked t,A6tkHoweIgyQk5FkqZ0wf,0.24,0.06,3.63,1.39,0,0
Double Exponential Smoothing Forecaster in NumPy,Smoke Test Forecasting,adding loading data to tracked t,A6tkHoweIgyQk5FkqZ0wf,0.09,0.06,1.39,1.36,0,0
Double Exponential Smoothing Forecaster in NumPy,Sunspots,adding loading data to tracked t,A6tkHoweIgyQk5FkqZ0wf,0.09,0.05,1.51,1.36,0,0
Double Exponential Smoothing Forecaster in NumPy,Theme Park Attendance,adding loading data to tracked t,A6tkHoweIgyQk5FkqZ0wf,0.26,0.07,3.32,1.5,0,0
Extra Trees Forecasting Model in Scikit-Learn,ARIMA Process,With performance tracking 3,9IOerPSEX1BF8VwHBh3of,2.34,0.29,18.26,21.04,0,0
Extra Trees Forecasting Model in Scikit-Learn,Air Quality KDD 2018,With performance tracking 3,9IOerPSEX1BF8VwHBh3of,117.36,12.1,9590.81,92.36,0,0
Extra Trees Forecasting Model in Scikit-Learn,Airline Passengers,With performance tracking 3,9IOerPSEX1BF8VwHBh3of,0.21,0.16,1.38,2.3,0,0
Extra Trees Forecasting Model in Scikit-Learn,Atmospheric CO2 Concentrations,With performance tracking 3,9IOerPSEX1BF8VwHBh3of,0.59,0.26,3.5,18.94,0,0
Extra Trees Forecasting Model in Scikit-Learn,Australian Beer Production,With performance tracking 3,9IOerPSEX1BF8VwHBh3of,0.21,0.18,1.38,3.42,0,0
Extra Trees Forecasting Model in Scikit-Learn,Avocado Sales,With performance tracking 3,9IOerPSEX1BF8VwHBh3of,5.23,0.97,64.94,12.4,0,0
Extra Trees Forecasting Model in Scikit-Learn,Bank Branch Transactions,With performance tracking 3,9IOerPSEX1BF8VwHBh3of,2.92,0.39,36.58,13.71,0,0
Extra Trees Forecasting Model in Scikit-Learn,Climate Related Disasters Frequency,With performance tracking 3,9IOerPSEX1BF8VwHBh3of,0.41,0.25,3.55,4.15,0,0
Extra Trees Forecasting Model in Scikit-Learn,Daily Stock Prices ,With performance tracking 3,9IOerPSEX1BF8VwHBh3of,8.39,1.67,224.5,14.85,0,0
Extra Trees Forecasting Model in Scikit-Learn,Daily Weather in 26 World Cities,With performance tracking 3,9IOerPSEX1BF8VwHBh3of,17.47,2.38,292.57,19.07,0,0
Extra Trees Forecasting Model in Scikit-Learn,GDP per Capita Change,With performance tracking 3,9IOerPSEX1BF8VwHBh3of,0.31,0.22,2.88,7.71,0,0
Extra Trees Forecasting Model in Scikit-Learn,Geometric Brownian Motion,With performance tracking 3,9IOerPSEX1BF8VwHBh3of,0.89,0.47,19.25,9.37,0,0
Extra Trees Forecasting Model in Scikit-Learn,M4 Forecasting Competition Sampled Daily Series,With performance tracking 3,9IOerPSEX1BF8VwHBh3of,5.69,0.68,131.53,24.53,0,0
Extra Trees Forecasting Model in Scikit-Learn,M4 Forecasting Competition Sampled Hourly Series,With performance tracking 3,9IOerPSEX1BF8VwHBh3of,6.45,0.53,42.48,51.86,0,0
Extra Trees Forecasting Model in Scikit-Learn,M4 Forecasting Competition Sampled Monthly Series,With performance tracking 3,9IOerPSEX1BF8VwHBh3of,1.67,0.46,15.07,17.37,0,0
Extra Trees Forecasting Model in Scikit-Learn,M4 Forecasting Competition Sampled Quarterly Series,With performance tracking 3,9IOerPSEX1BF8VwHBh3of,0.29,0.21,1.79,5.42,0,0
Extra Trees Forecasting Model in Scikit-Learn,M4 Forecasting Competition Sampled Yearly Series,With performance tracking 3,9IOerPSEX1BF8VwHBh3of,0.24,0.21,1.97,4.19,0,0
Extra Trees Forecasting Model in Scikit-Learn,Multi-Seasonality Timeseries With Covariates,With performance tracking 3,9IOerPSEX1BF8VwHBh3of,0.82,0.29,22.12,11.89,0,0
Extra Trees Forecasting Model in Scikit-Learn,Online Retail Sales,With performance tracking 3,9IOerPSEX1BF8VwHBh3of,2.08,0.4,25.27,8.29,0,0
Extra Trees Forecasting Model in Scikit-Learn,PJM Hourly Energy Consumption,With performance tracking 3,9IOerPSEX1BF8VwHBh3of,8.1,1.8,300.87,57.58,0,0
Extra Trees Forecasting Model in Scikit-Learn,Random Walk Dataset,With performance tracking 3,9IOerPSEX1BF8VwHBh3of,1.83,0.43,25.31,14.24,0,0
Extra Trees Forecasting Model in Scikit-Learn,Seattle Burke Gilman Trail,With performance tracking 3,9IOerPSEX1BF8VwHBh3of,32.09,1.03,551.79,102.13,0,0
Extra Trees Forecasting Model in Scikit-Learn,Smoke Test Forecasting,With performance tracking 3,9IOerPSEX1BF8VwHBh3of,0.22,0.14,1.38,3.97,0,0
Extra Trees Forecasting Model in Scikit-Learn,Sunspots,With performance tracking 3,9IOerPSEX1BF8VwHBh3of,7.19,0.64,33.08,70.46,0,0
Extra Trees Forecasting Model in Scikit-Learn,Theme Park Attendance,With performance tracking 3,9IOerPSEX1BF8VwHBh3of,0.62,0.59,3.32,10.6,0,0
FourTheta Forecaster in Darts,ARIMA Process,removed gpu memory,BR6h6fks45wcTdHOxR4Lj,0.83,0.29,3.61,0.67,0,0
FourTheta Forecaster in Darts,Air Quality KDD 2018,removed gpu memory,BR6h6fks45wcTdHOxR4Lj,11.16,5.08,63.92,4.26,0,0
FourTheta Forecaster in Darts,Airline Passengers,removed gpu memory,BR6h6fks45wcTdHOxR4Lj,0.05,0.01,0.65,0.26,0,0
FourTheta Forecaster in Darts,Atmospheric CO2 Concentrations,removed gpu memory,BR6h6fks45wcTdHOxR4Lj,0.06,0.01,0.7,0.23,0,0
FourTheta Forecaster in Darts,Australian Beer Production,removed gpu memory,BR6h6fks45wcTdHOxR4Lj,0.06,0.01,0.67,0.26,0,0
FourTheta Forecaster in Darts,Avocado Sales,removed gpu memory,BR6h6fks45wcTdHOxR4Lj,3.01,0.85,6.72,1.58,0,0
FourTheta Forecaster in Darts,Bank Branch Transactions,removed gpu memory,BR6h6fks45wcTdHOxR4Lj,0.89,0.26,2.51,0.67,0,0
FourTheta Forecaster in Darts,Climate Related Disasters Frequency,removed gpu memory,BR6h6fks45wcTdHOxR4Lj,1.34,0.37,2.39,0.73,0,0
FourTheta Forecaster in Darts,Daily Stock Prices ,removed gpu memory,BR6h6fks45wcTdHOxR4Lj,1.65,0.67,10.27,1.21,0,0
FourTheta Forecaster in Darts,Daily Weather in 26 World Cities,removed gpu memory,BR6h6fks45wcTdHOxR4Lj,1.18,0.39,9.08,0.78,0,0
FourTheta Forecaster in Darts,GDP per Capita Change,removed gpu memory,BR6h6fks45wcTdHOxR4Lj,2.54,0.65,3.51,1.1,0,0
FourTheta Forecaster in Darts,Geometric Brownian Motion,removed gpu memory,BR6h6fks45wcTdHOxR4Lj,2.7,0.97,9.22,1.6,0,0
FourTheta Forecaster in Darts,M4 Forecasting Competition Sampled Daily Series,removed gpu memory,BR6h6fks45wcTdHOxR4Lj,2.17,0.87,11.39,1.63,0,0
FourTheta Forecaster in Darts,M4 Forecasting Competition Sampled Hourly Series,removed gpu memory,BR6h6fks45wcTdHOxR4Lj,1.23,0.4,4.79,0.96,0,0
FourTheta Forecaster in Darts,M4 Forecasting Competition Sampled Monthly Series,removed gpu memory,BR6h6fks45wcTdHOxR4Lj,2.02,0.78,5.8,1.34,0,0
FourTheta Forecaster in Darts,M4 Forecasting Competition Sampled Quarterly Series,removed gpu memory,BR6h6fks45wcTdHOxR4Lj,1.65,0.65,3.21,1.05,0,0
FourTheta Forecaster in Darts,M4 Forecasting Competition Sampled Yearly Series,removed gpu memory,BR6h6fks45wcTdHOxR4Lj,1.66,0.63,3.32,1.18,0,0
FourTheta Forecaster in Darts,Multi-Seasonality Timeseries With Covariates,removed gpu memory,BR6h6fks45wcTdHOxR4Lj,1.01,0.29,2.63,0.7,0,0
FourTheta Forecaster in Darts,Online Retail Sales,removed gpu memory,BR6h6fks45wcTdHOxR4Lj,1.21,0.35,3.51,0.76,0,0
FourTheta Forecaster in Darts,PJM Hourly Energy Consumption,removed gpu memory,BR6h6fks45wcTdHOxR4Lj,3.03,1.27,15.29,1.82,0,0
FourTheta Forecaster in Darts,Random Walk Dataset,removed gpu memory,BR6h6fks45wcTdHOxR4Lj,1.81,0.66,6.51,1.28,0,0
FourTheta Forecaster in Darts,Seattle Burke Gilman Trail,removed gpu memory,BR6h6fks45wcTdHOxR4Lj,0.36,0.17,4.22,0.82,0,0
FourTheta Forecaster in Darts,Smoke Test Forecasting,removed gpu memory,BR6h6fks45wcTdHOxR4Lj,0.16,0.04,0.81,0.32,0,0
FourTheta Forecaster in Darts,Sunspots,removed gpu memory,BR6h6fks45wcTdHOxR4Lj,0.09,0.03,1.17,0.3,0,0
FourTheta Forecaster in Darts,Theme Park Attendance,removed gpu memory,BR6h6fks45wcTdHOxR4Lj,0.07,0.02,1.33,0.29,0,0
MLP Forecaster in NeuralForecast,ARIMA Process,Final benchmark 1,kR6isQ9H1p2cznOfEcyE1,13.13,4.1,53.33,53.43,44.9,9.35
MLP Forecaster in NeuralForecast,Air Quality KDD 2018,Final benchmark 1,kR6isQ9H1p2cznOfEcyE1,25.81,4.14,83.58,71.05,1995.3,13.95
MLP Forecaster in NeuralForecast,Airline Passengers,Final benchmark 1,kR6isQ9H1p2cznOfEcyE1,11.98,4.08,52.33,52.84,18.91,9.17
MLP Forecaster in NeuralForecast,Atmospheric CO2 Concentrations,Final benchmark 1,kR6isQ9H1p2cznOfEcyE1,12.07,4.1,52.38,52.89,21.86,9.25
MLP Forecaster in NeuralForecast,Australian Beer Production,Final benchmark 1,kR6isQ9H1p2cznOfEcyE1,12.35,4.07,52.33,52.85,18.21,9.15
MLP Forecaster in NeuralForecast,Avocado Sales,Final benchmark 1,kR6isQ9H1p2cznOfEcyE1,12.75,3.62,55.52,55.01,33.36,9.71
MLP Forecaster in NeuralForecast,Bank Branch Transactions,Final benchmark 1,kR6isQ9H1p2cznOfEcyE1,14.07,3.64,53.34,53.83,33.8,9.66
MLP Forecaster in NeuralForecast,Climate Related Disasters Frequency,Final benchmark 1,kR6isQ9H1p2cznOfEcyE1,11.86,3.57,52.65,53.3,20.29,9.31
MLP Forecaster in NeuralForecast,Daily Stock Prices ,Final benchmark 1,kR6isQ9H1p2cznOfEcyE1,13.4,3.57,57.41,54.83,78.35,9.98
MLP Forecaster in NeuralForecast,Daily Weather in 26 World Cities,Final benchmark 1,kR6isQ9H1p2cznOfEcyE1,16.04,3.62,58.49,56.9,91.16,10.61
MLP Forecaster in NeuralForecast,GDP per Capita Change,Final benchmark 1,kR6isQ9H1p2cznOfEcyE1,11.25,4.13,52.65,53.06,18.01,9.17
MLP Forecaster in NeuralForecast,Geometric Brownian Motion,Final benchmark 1,kR6isQ9H1p2cznOfEcyE1,11.22,4.13,54.5,53.68,20.44,9.23
MLP Forecaster in NeuralForecast,M4 Forecasting Competition Sampled Daily Series,Final benchmark 1,kR6isQ9H1p2cznOfEcyE1,13.14,4.16,56.99,55.7,158.51,9.66
MLP Forecaster in NeuralForecast,M4 Forecasting Competition Sampled Hourly Series,Final benchmark 1,kR6isQ9H1p2cznOfEcyE1,11.68,4.14,53.98,53.87,85.65,9.58
MLP Forecaster in NeuralForecast,M4 Forecasting Competition Sampled Monthly Series,Final benchmark 1,kR6isQ9H1p2cznOfEcyE1,11.46,4.14,53.89,53.89,28.68,9.3
MLP Forecaster in NeuralForecast,M4 Forecasting Competition Sampled Quarterly Series,Final benchmark 1,kR6isQ9H1p2cznOfEcyE1,11.14,4.11,52.66,53.13,18.51,9.2
MLP Forecaster in NeuralForecast,M4 Forecasting Competition Sampled Yearly Series,Final benchmark 1,kR6isQ9H1p2cznOfEcyE1,11.04,4.1,52.6,53.09,18.08,9.17
MLP Forecaster in NeuralForecast,Multi-Seasonality Timeseries With Covariates,Final benchmark 1,kR6isQ9H1p2cznOfEcyE1,12.49,3.62,53.23,53.74,27.55,9.41
MLP Forecaster in NeuralForecast,Online Retail Sales,Final benchmark 1,kR6isQ9H1p2cznOfEcyE1,11.92,3.59,53.39,53.73,36.94,9.43
MLP Forecaster in NeuralForecast,PJM Hourly Energy Consumption,Final benchmark 1,kR6isQ9H1p2cznOfEcyE1,13.25,4.08,55.97,53.49,81.22,9.42
MLP Forecaster in NeuralForecast,Random Walk Dataset,Final benchmark 1,kR6isQ9H1p2cznOfEcyE1,12.17,4.58,54.46,54.19,40.88,9.35
MLP Forecaster in NeuralForecast,Seattle Burke Gilman Trail,Final benchmark 1,kR6isQ9H1p2cznOfEcyE1,14.95,4.57,54.61,54.85,431.87,9.88
MLP Forecaster in NeuralForecast,Smoke Test Forecasting,Final benchmark 1,kR6isQ9H1p2cznOfEcyE1,12.2,3.52,52.35,53.11,18.55,9.16
MLP Forecaster in NeuralForecast,Sunspots,Final benchmark 1,kR6isQ9H1p2cznOfEcyE1,12.09,4.13,52.56,53.03,41.31,9.43
MLP Forecaster in NeuralForecast,Theme Park Attendance,Final benchmark 1,kR6isQ9H1p2cznOfEcyE1,12.29,3.58,53.06,53.77,37.49,9.24
NBeats Forecasting Model with Pretraining,ARIMA Process,Final benchmark 5,GhH0aNinM1xYwQrt4R83L,583.76,1.87,116.01,3.79,46.57,0.15
NBeats Forecasting Model with Pretraining,Air Quality KDD 2018,Final benchmark 5,GhH0aNinM1xYwQrt4R83L,1283.43,26.44,9588.78,82.92,923.97,2.05
NBeats Forecasting Model with Pretraining,Airline Passengers,Final benchmark 5,GhH0aNinM1xYwQrt4R83L,379.35,1.74,62.89,3.36,21.22,0.08
NBeats Forecasting Model with Pretraining,Atmospheric CO2 Concentrations,Final benchmark 5,GhH0aNinM1xYwQrt4R83L,510.41,1.76,208.19,3.51,70.99,0.17
NBeats Forecasting Model with Pretraining,Australian Beer Production,Final benchmark 5,GhH0aNinM1xYwQrt4R83L,320.68,1.73,29.03,3.38,9.67,0.06
NBeats Forecasting Model with Pretraining,Avocado Sales,Final benchmark 5,GhH0aNinM1xYwQrt4R83L,553.16,3.43,642.26,5.29,137.05,0.43
NBeats Forecasting Model with Pretraining,Bank Branch Transactions,Final benchmark 5,GhH0aNinM1xYwQrt4R83L,454.62,2.28,584.29,4.03,109.34,0.3
NBeats Forecasting Model with Pretraining,Climate Related Disasters Frequency,Final benchmark 5,GhH0aNinM1xYwQrt4R83L,271.16,2.07,112.48,3.66,16.81,0.09
NBeats Forecasting Model with Pretraining,Daily Stock Prices ,Final benchmark 5,GhH0aNinM1xYwQrt4R83L,552.13,5.02,730.25,10.75,161.97,0.39
NBeats Forecasting Model with Pretraining,Daily Weather in 26 World Cities,Final benchmark 5,GhH0aNinM1xYwQrt4R83L,564.43,6.74,1728.74,17.87,356.18,0.69
NBeats Forecasting Model with Pretraining,GDP per Capita Change,Final benchmark 5,GhH0aNinM1xYwQrt4R83L,195.4,1.8,23.24,3.5,6.66,0.07
NBeats Forecasting Model with Pretraining,Geometric Brownian Motion,Final benchmark 5,GhH0aNinM1xYwQrt4R83L,289.21,2.19,40.43,5.08,15.76,0.1
NBeats Forecasting Model with Pretraining,M4 Forecasting Competition Sampled Daily Series,Final benchmark 5,GhH0aNinM1xYwQrt4R83L,714.63,2.39,231.81,7.48,92.77,0.29
NBeats Forecasting Model with Pretraining,M4 Forecasting Competition Sampled Hourly Series,Final benchmark 5,GhH0aNinM1xYwQrt4R83L,1106.88,1.99,276.43,4.18,111.24,0.32
NBeats Forecasting Model with Pretraining,M4 Forecasting Competition Sampled Monthly Series,Final benchmark 5,GhH0aNinM1xYwQrt4R83L,407.95,2.08,93.43,4.19,37.31,0.16
NBeats Forecasting Model with Pretraining,M4 Forecasting Competition Sampled Quarterly Series,Final benchmark 5,GhH0aNinM1xYwQrt4R83L,280.18,1.81,30.65,3.57,10.69,0.09
NBeats Forecasting Model with Pretraining,M4 Forecasting Competition Sampled Yearly Series,Final benchmark 5,GhH0aNinM1xYwQrt4R83L,201.36,1.83,21.25,3.49,4.38,0.06
NBeats Forecasting Model with Pretraining,Multi-Seasonality Timeseries With Covariates,Final benchmark 5,GhH0aNinM1xYwQrt4R83L,361.2,2.08,274.85,3.87,54.82,0.2
NBeats Forecasting Model with Pretraining,Online Retail Sales,Final benchmark 5,GhH0aNinM1xYwQrt4R83L,623.47,2.1,209.45,3.97,57.2,0.19
NBeats Forecasting Model with Pretraining,PJM Hourly Energy Consumption,Final benchmark 5,GhH0aNinM1xYwQrt4R83L,1024.02,3.76,300.81,12.98,111.24,0.23
NBeats Forecasting Model with Pretraining,Random Walk Dataset,Final benchmark 5,GhH0aNinM1xYwQrt4R83L,334.72,2.03,97.28,4.29,38.86,0.16
NBeats Forecasting Model with Pretraining,Seattle Burke Gilman Trail,Final benchmark 5,GhH0aNinM1xYwQrt4R83L,1458.88,2.37,4749.65,5.64,1086.67,1.98
NBeats Forecasting Model with Pretraining,Smoke Test Forecasting,Final benchmark 5,GhH0aNinM1xYwQrt4R83L,222.66,1.72,35.34,3.32,12.02,0.07
NBeats Forecasting Model with Pretraining,Sunspots,Final benchmark 5,GhH0aNinM1xYwQrt4R83L,980.98,1.83,506.78,3.91,178.3,0.36
NBeats Forecasting Model with Pretraining,Theme Park Attendance,Final benchmark 5,GhH0aNinM1xYwQrt4R83L,494.64,2.25,54.02,4.33,18.35,0.08
Naive Drift Forecaster in Darts,ARIMA Process,adding loading data to tracked t,zNIOVeiF8prqnvWgDCuAd,0.28,0.19,2.26,1.77,0,0
Naive Drift Forecaster in Darts,Air Quality KDD 2018,adding loading data to tracked t,zNIOVeiF8prqnvWgDCuAd,9.61,0.29,63.95,4.81,0,0
Naive Drift Forecaster in Darts,Airline Passengers,adding loading data to tracked t,zNIOVeiF8prqnvWgDCuAd,0.07,0.06,1.39,1.36,0,0
Naive Drift Forecaster in Darts,Atmospheric CO2 Concentrations,adding loading data to tracked t,zNIOVeiF8prqnvWgDCuAd,0.07,0.05,1.43,1.36,0,0
Naive Drift Forecaster in Darts,Australian Beer Production,adding loading data to tracked t,zNIOVeiF8prqnvWgDCuAd,0.09,0.05,1.39,1.36,0,0
Naive Drift Forecaster in Darts,Avocado Sales,adding loading data to tracked t,zNIOVeiF8prqnvWgDCuAd,1.09,0.69,5.28,3.24,0,0
Naive Drift Forecaster in Darts,Bank Branch Transactions,adding loading data to tracked t,zNIOVeiF8prqnvWgDCuAd,0.35,0.23,2.04,1.88,0,0
Naive Drift Forecaster in Darts,Climate Related Disasters Frequency,adding loading data to tracked t,zNIOVeiF8prqnvWgDCuAd,0.4,0.32,1.49,2.16,0,0
Naive Drift Forecaster in Darts,Daily Stock Prices ,adding loading data to tracked t,zNIOVeiF8prqnvWgDCuAd,1.41,0.33,9.22,2.5,0,0
Naive Drift Forecaster in Darts,Daily Weather in 26 World Cities,adding loading data to tracked t,zNIOVeiF8prqnvWgDCuAd,1.64,0.2,17.99,1.97,0,0
Naive Drift Forecaster in Darts,GDP per Capita Change,adding loading data to tracked t,zNIOVeiF8prqnvWgDCuAd,0.54,0.67,1.91,2.91,0,0
Naive Drift Forecaster in Darts,Geometric Brownian Motion,adding loading data to tracked t,zNIOVeiF8prqnvWgDCuAd,0.81,0.6,5.76,3.3,0,0
Naive Drift Forecaster in Darts,M4 Forecasting Competition Sampled Daily Series,adding loading data to tracked t,zNIOVeiF8prqnvWgDCuAd,0.75,0.4,7.67,2.82,0,0
Naive Drift Forecaster in Darts,M4 Forecasting Competition Sampled Hourly Series,adding loading data to tracked t,zNIOVeiF8prqnvWgDCuAd,0.35,0.26,2.83,2,0,0
Naive Drift Forecaster in Darts,M4 Forecasting Competition Sampled Monthly Series,adding loading data to tracked t,zNIOVeiF8prqnvWgDCuAd,0.61,0.48,3.44,2.76,0,0
Naive Drift Forecaster in Darts,M4 Forecasting Competition Sampled Quarterly Series,adding loading data to tracked t,zNIOVeiF8prqnvWgDCuAd,0.43,0.53,1.75,2.52,0,0
Naive Drift Forecaster in Darts,M4 Forecasting Competition Sampled Yearly Series,adding loading data to tracked t,zNIOVeiF8prqnvWgDCuAd,0.56,0.6,1.96,3,0,0
Naive Drift Forecaster in Darts,Multi-Seasonality Timeseries With Covariates,adding loading data to tracked t,zNIOVeiF8prqnvWgDCuAd,0.3,0.25,2.51,1.87,0,0
Naive Drift Forecaster in Darts,Online Retail Sales,adding loading data to tracked t,zNIOVeiF8prqnvWgDCuAd,0.36,0.25,2.23,2,0,0
Naive Drift Forecaster in Darts,PJM Hourly Energy Consumption,adding loading data to tracked t,zNIOVeiF8prqnvWgDCuAd,1.24,0.12,11.25,2.34,0,0
Naive Drift Forecaster in Darts,Random Walk Dataset,adding loading data to tracked t,zNIOVeiF8prqnvWgDCuAd,0.6,0.44,4.04,2.63,0,0
Naive Drift Forecaster in Darts,Seattle Burke Gilman Trail,adding loading data to tracked t,zNIOVeiF8prqnvWgDCuAd,0.27,0.09,3.78,1.61,0,0
Naive Drift Forecaster in Darts,Smoke Test Forecasting,adding loading data to tracked t,zNIOVeiF8prqnvWgDCuAd,0.09,0.08,1.39,1.36,0,0
Naive Drift Forecaster in Darts,Sunspots,adding loading data to tracked t,zNIOVeiF8prqnvWgDCuAd,0.08,0.06,1.5,1.36,0,0
Naive Drift Forecaster in Darts,Theme Park Attendance,adding loading data to tracked t,zNIOVeiF8prqnvWgDCuAd,0.29,0.12,3.29,1.51,0,0
Naive Recent Window Mean Forecaster in Darts,ARIMA Process,adding loading data to tracked t,SV0ocF3iFyDja2QjNgiXp,0.23,0.17,2.26,1.69,0,0
Naive Recent Window Mean Forecaster in Darts,Air Quality KDD 2018,adding loading data to tracked t,SV0ocF3iFyDja2QjNgiXp,9.34,0.25,58.5,2,0,0
Naive Recent Window Mean Forecaster in Darts,Airline Passengers,adding loading data to tracked t,SV0ocF3iFyDja2QjNgiXp,0.08,0.05,1.39,1.36,0,0
Naive Recent Window Mean Forecaster in Darts,Atmospheric CO2 Concentrations,adding loading data to tracked t,SV0ocF3iFyDja2QjNgiXp,0.07,0.05,1.43,1.37,0,0
Naive Recent Window Mean Forecaster in Darts,Australian Beer Production,adding loading data to tracked t,SV0ocF3iFyDja2QjNgiXp,0.08,0.05,1.39,1.36,0,0
Naive Recent Window Mean Forecaster in Darts,Avocado Sales,adding loading data to tracked t,SV0ocF3iFyDja2QjNgiXp,1.08,0.62,5,3.22,0,0
Naive Recent Window Mean Forecaster in Darts,Bank Branch Transactions,adding loading data to tracked t,SV0ocF3iFyDja2QjNgiXp,0.34,0.22,2.04,1.9,0,0
Naive Recent Window Mean Forecaster in Darts,Climate Related Disasters Frequency,adding loading data to tracked t,SV0ocF3iFyDja2QjNgiXp,0.36,0.3,1.49,2.21,0,0
Naive Recent Window Mean Forecaster in Darts,Daily Stock Prices ,adding loading data to tracked t,SV0ocF3iFyDja2QjNgiXp,1.32,0.32,8.96,2.18,0,0
Naive Recent Window Mean Forecaster in Darts,Daily Weather in 26 World Cities,adding loading data to tracked t,SV0ocF3iFyDja2QjNgiXp,1.7,0.18,17.99,1.8,0,0
Naive Recent Window Mean Forecaster in Darts,GDP per Capita Change,adding loading data to tracked t,SV0ocF3iFyDja2QjNgiXp,0.52,0.5,1.8,2.93,0,0
Naive Recent Window Mean Forecaster in Darts,Geometric Brownian Motion,adding loading data to tracked t,SV0ocF3iFyDja2QjNgiXp,0.72,0.57,5.26,3.03,0,0
Naive Recent Window Mean Forecaster in Darts,M4 Forecasting Competition Sampled Daily Series,adding loading data to tracked t,SV0ocF3iFyDja2QjNgiXp,0.62,0.37,7.67,2.35,0,0
Naive Recent Window Mean Forecaster in Darts,M4 Forecasting Competition Sampled Hourly Series,adding loading data to tracked t,SV0ocF3iFyDja2QjNgiXp,0.33,0.23,2.67,1.88,0,0
Naive Recent Window Mean Forecaster in Darts,M4 Forecasting Competition Sampled Monthly Series,adding loading data to tracked t,SV0ocF3iFyDja2QjNgiXp,0.56,0.46,3.06,2.69,0,0
Naive Recent Window Mean Forecaster in Darts,M4 Forecasting Competition Sampled Quarterly Series,adding loading data to tracked t,SV0ocF3iFyDja2QjNgiXp,0.44,0.44,1.67,2.59,0,0
Naive Recent Window Mean Forecaster in Darts,M4 Forecasting Competition Sampled Yearly Series,adding loading data to tracked t,SV0ocF3iFyDja2QjNgiXp,0.56,0.55,1.88,3.08,0,0
Naive Recent Window Mean Forecaster in Darts,Multi-Seasonality Timeseries With Covariates,adding loading data to tracked t,SV0ocF3iFyDja2QjNgiXp,0.29,0.23,2.51,1.88,0,0
Naive Recent Window Mean Forecaster in Darts,Online Retail Sales,adding loading data to tracked t,SV0ocF3iFyDja2QjNgiXp,0.34,0.24,2.12,1.97,0,0
Naive Recent Window Mean Forecaster in Darts,PJM Hourly Energy Consumption,adding loading data to tracked t,SV0ocF3iFyDja2QjNgiXp,0.93,0.11,11.25,1.51,0,0
Naive Recent Window Mean Forecaster in Darts,Random Walk Dataset,adding loading data to tracked t,SV0ocF3iFyDja2QjNgiXp,0.54,0.41,3.63,2.45,0,0
Naive Recent Window Mean Forecaster in Darts,Seattle Burke Gilman Trail,adding loading data to tracked t,SV0ocF3iFyDja2QjNgiXp,0.25,0.08,3.6,1.45,0,0
Naive Recent Window Mean Forecaster in Darts,Smoke Test Forecasting,adding loading data to tracked t,SV0ocF3iFyDja2QjNgiXp,0.08,0.07,1.39,1.36,0,0
Naive Recent Window Mean Forecaster in Darts,Sunspots,adding loading data to tracked t,SV0ocF3iFyDja2QjNgiXp,0.08,0.06,1.5,1.36,0,0
Naive Recent Window Mean Forecaster in Darts,Theme Park Attendance,adding loading data to tracked t,SV0ocF3iFyDja2QjNgiXp,0.28,0.07,3.29,1.51,0,0
Naive Seasonal Forecaster in Darts,ARIMA Process,adding loading data to tracked t,TaSoj67v0EJva5MbqZGCP,0.32,0.18,2.26,1.8,0,0
Naive Seasonal Forecaster in Darts,Air Quality KDD 2018,adding loading data to tracked t,TaSoj67v0EJva5MbqZGCP,9.6,0.31,63.97,4.83,0,0
Naive Seasonal Forecaster in Darts,Airline Passengers,adding loading data to tracked t,TaSoj67v0EJva5MbqZGCP,0.13,0.05,1.39,1.36,0,0
Naive Seasonal Forecaster in Darts,Atmospheric CO2 Concentrations,adding loading data to tracked t,TaSoj67v0EJva5MbqZGCP,0.08,0.07,1.43,1.36,0,0
Naive Seasonal Forecaster in Darts,Australian Beer Production,adding loading data to tracked t,TaSoj67v0EJva5MbqZGCP,0.07,0.06,1.39,1.36,0,0
Naive Seasonal Forecaster in Darts,Avocado Sales,adding loading data to tracked t,TaSoj67v0EJva5MbqZGCP,1.13,0.65,5.3,3.35,0,0
Naive Seasonal Forecaster in Darts,Bank Branch Transactions,adding loading data to tracked t,TaSoj67v0EJva5MbqZGCP,0.35,0.22,2.04,1.91,0,0
Naive Seasonal Forecaster in Darts,Climate Related Disasters Frequency,adding loading data to tracked t,TaSoj67v0EJva5MbqZGCP,0.39,0.39,1.49,2.21,0,0
Naive Seasonal Forecaster in Darts,Daily Stock Prices ,adding loading data to tracked t,TaSoj67v0EJva5MbqZGCP,1.41,0.4,9.23,2.56,0,0
Naive Seasonal Forecaster in Darts,Daily Weather in 26 World Cities,adding loading data to tracked t,TaSoj67v0EJva5MbqZGCP,1.67,0.25,17.99,2,0,0
Naive Seasonal Forecaster in Darts,GDP per Capita Change,adding loading data to tracked t,TaSoj67v0EJva5MbqZGCP,0.54,0.52,1.92,2.96,0,0
Naive Seasonal Forecaster in Darts,Geometric Brownian Motion,adding loading data to tracked t,TaSoj67v0EJva5MbqZGCP,0.83,0.59,5.76,3.42,0,0
Naive Seasonal Forecaster in Darts,M4 Forecasting Competition Sampled Daily Series,adding loading data to tracked t,TaSoj67v0EJva5MbqZGCP,0.76,0.4,7.66,2.89,0,0
Naive Seasonal Forecaster in Darts,M4 Forecasting Competition Sampled Hourly Series,adding loading data to tracked t,TaSoj67v0EJva5MbqZGCP,0.38,0.25,2.82,2.04,0,0
Naive Seasonal Forecaster in Darts,M4 Forecasting Competition Sampled Monthly Series,adding loading data to tracked t,TaSoj67v0EJva5MbqZGCP,0.6,0.48,3.46,3.13,0,0
Naive Seasonal Forecaster in Darts,M4 Forecasting Competition Sampled Quarterly Series,adding loading data to tracked t,TaSoj67v0EJva5MbqZGCP,0.46,0.44,1.77,2.61,0,0
Naive Seasonal Forecaster in Darts,M4 Forecasting Competition Sampled Yearly Series,adding loading data to tracked t,TaSoj67v0EJva5MbqZGCP,0.59,0.59,2,3.12,0,0
Naive Seasonal Forecaster in Darts,Multi-Seasonality Timeseries With Covariates,adding loading data to tracked t,TaSoj67v0EJva5MbqZGCP,0.31,0.23,2.51,1.92,0,0
Naive Seasonal Forecaster in Darts,Online Retail Sales,adding loading data to tracked t,TaSoj67v0EJva5MbqZGCP,0.41,0.26,2.24,2.07,0,0
Naive Seasonal Forecaster in Darts,PJM Hourly Energy Consumption,adding loading data to tracked t,TaSoj67v0EJva5MbqZGCP,1.14,0.14,11.25,2.35,0,0
Naive Seasonal Forecaster in Darts,Random Walk Dataset,adding loading data to tracked t,TaSoj67v0EJva5MbqZGCP,0.62,0.44,4.04,2.71,0,0
Naive Seasonal Forecaster in Darts,Seattle Burke Gilman Trail,adding loading data to tracked t,TaSoj67v0EJva5MbqZGCP,0.29,0.09,3.78,1.62,0,0
Naive Seasonal Forecaster in Darts,Smoke Test Forecasting,adding loading data to tracked t,TaSoj67v0EJva5MbqZGCP,0.07,0.1,1.39,1.36,0,0
Naive Seasonal Forecaster in Darts,Sunspots,adding loading data to tracked t,TaSoj67v0EJva5MbqZGCP,0.1,0.05,1.5,1.36,0,0
Naive Seasonal Forecaster in Darts,Theme Park Attendance,adding loading data to tracked t,TaSoj67v0EJva5MbqZGCP,0.28,0.08,3.29,1.51,0,0
PatchTST Forecaster in GluonTS,ARIMA Process,Final benchmark 1,RDYahD3VaYjgcnwRxKyQK,146.04,0.79,17.84,3.96,26.67,11
PatchTST Forecaster in GluonTS,Air Quality KDD 2018,Final benchmark 1,RDYahD3VaYjgcnwRxKyQK,164.7,1.46,118.06,25.95,126.99,33.04
PatchTST Forecaster in GluonTS,Airline Passengers,Final benchmark 1,RDYahD3VaYjgcnwRxKyQK,150.79,0.7,13.89,2.35,21.47,9.74
PatchTST Forecaster in GluonTS,Atmospheric CO2 Concentrations,Final benchmark 1,RDYahD3VaYjgcnwRxKyQK,148.02,1.36,30.24,7.28,43.84,14.67
PatchTST Forecaster in GluonTS,Australian Beer Production,Final benchmark 1,RDYahD3VaYjgcnwRxKyQK,142.68,0.71,12.59,1.95,19.39,9.34
PatchTST Forecaster in GluonTS,Avocado Sales,Final benchmark 1,RDYahD3VaYjgcnwRxKyQK,140.87,0.93,16.68,4.63,20.2,9.71
PatchTST Forecaster in GluonTS,Bank Branch Transactions,Final benchmark 1,RDYahD3VaYjgcnwRxKyQK,143.19,0.89,14.18,3.28,20.28,9.69
PatchTST Forecaster in GluonTS,Climate Related Disasters Frequency,Final benchmark 1,RDYahD3VaYjgcnwRxKyQK,147.28,1.5,13.1,2.59,19.06,9.36
PatchTST Forecaster in GluonTS,Daily Stock Prices ,Final benchmark 1,RDYahD3VaYjgcnwRxKyQK,146.47,0.87,19.32,4.28,22.25,10.21
PatchTST Forecaster in GluonTS,Daily Weather in 26 World Cities,Final benchmark 1,RDYahD3VaYjgcnwRxKyQK,145.16,0.78,19.22,3.32,20.79,9.78
PatchTST Forecaster in GluonTS,GDP per Capita Change,Final benchmark 1,RDYahD3VaYjgcnwRxKyQK,142.65,1.63,13.47,2.91,19.06,9.39
PatchTST Forecaster in GluonTS,Geometric Brownian Motion,Final benchmark 1,RDYahD3VaYjgcnwRxKyQK,142.73,1.49,15.78,3.51,19.77,9.59
PatchTST Forecaster in GluonTS,M4 Forecasting Competition Sampled Daily Series,Final benchmark 1,RDYahD3VaYjgcnwRxKyQK,147.84,1.27,34.4,9.3,43.84,15.55
PatchTST Forecaster in GluonTS,M4 Forecasting Competition Sampled Hourly Series,Final benchmark 1,RDYahD3VaYjgcnwRxKyQK,149.95,1.04,39.31,10.63,54.88,17.91
PatchTST Forecaster in GluonTS,M4 Forecasting Competition Sampled Monthly Series,Final benchmark 1,RDYahD3VaYjgcnwRxKyQK,145.91,1.38,16.71,3.97,23.12,10.48
PatchTST Forecaster in GluonTS,M4 Forecasting Competition Sampled Quarterly Series,Final benchmark 1,RDYahD3VaYjgcnwRxKyQK,156.89,0.88,13.85,2.99,20.2,9.71
PatchTST Forecaster in GluonTS,M4 Forecasting Competition Sampled Yearly Series,Final benchmark 1,RDYahD3VaYjgcnwRxKyQK,148.15,0.97,13.51,3.28,19.3,9.46
PatchTST Forecaster in GluonTS,Multi-Seasonality Timeseries With Covariates,Final benchmark 1,RDYahD3VaYjgcnwRxKyQK,143.24,0.85,13.85,3.74,19.77,9.55
PatchTST Forecaster in GluonTS,Online Retail Sales,Final benchmark 1,RDYahD3VaYjgcnwRxKyQK,142.22,0.86,15.25,3.2,22.25,10.21
PatchTST Forecaster in GluonTS,PJM Hourly Energy Consumption,Final benchmark 1,RDYahD3VaYjgcnwRxKyQK,148.07,0.75,42.48,9.75,54.88,17.18
PatchTST Forecaster in GluonTS,Random Walk Dataset,Final benchmark 1,RDYahD3VaYjgcnwRxKyQK,145.82,1.63,17.57,4.11,23.78,10.66
PatchTST Forecaster in GluonTS,Seattle Burke Gilman Trail,Final benchmark 1,RDYahD3VaYjgcnwRxKyQK,158.51,0.96,153.63,43.7,227.07,51.58
PatchTST Forecaster in GluonTS,Smoke Test Forecasting,Final benchmark 1,RDYahD3VaYjgcnwRxKyQK,144.57,1.15,12.75,2.14,19.77,9.42
PatchTST Forecaster in GluonTS,Sunspots,Final benchmark 1,RDYahD3VaYjgcnwRxKyQK,165.53,0.86,114.94,32.32,168.9,39.71
PatchTST Forecaster in GluonTS,Theme Park Attendance,Final benchmark 1,RDYahD3VaYjgcnwRxKyQK,148.92,1.1,14.28,3.15,20.79,9.6
Random Forest Forecasting Model in Scikit-Learn,ARIMA Process,With performance tracking 3,B7cdMBs38jXzBgMUKzSl4,15.36,0.31,18.26,13.53,0,0
Random Forest Forecasting Model in Scikit-Learn,Air Quality KDD 2018,With performance tracking 3,B7cdMBs38jXzBgMUKzSl4,612.88,12.65,9590.82,92.37,0,0
Random Forest Forecasting Model in Scikit-Learn,Airline Passengers,With performance tracking 3,B7cdMBs38jXzBgMUKzSl4,0.28,0.14,1.38,1.99,0,0
Random Forest Forecasting Model in Scikit-Learn,Atmospheric CO2 Concentrations,With performance tracking 3,B7cdMBs38jXzBgMUKzSl4,2.2,0.22,3.5,10.02,0,0
Random Forest Forecasting Model in Scikit-Learn,Australian Beer Production,With performance tracking 3,B7cdMBs38jXzBgMUKzSl4,0.31,0.15,1.39,2.53,0,0
Random Forest Forecasting Model in Scikit-Learn,Avocado Sales,With performance tracking 3,B7cdMBs38jXzBgMUKzSl4,33.9,0.89,64.95,9.91,0,0
Random Forest Forecasting Model in Scikit-Learn,Bank Branch Transactions,With performance tracking 3,B7cdMBs38jXzBgMUKzSl4,15.92,0.41,36.59,11.18,0,0
Random Forest Forecasting Model in Scikit-Learn,Climate Related Disasters Frequency,With performance tracking 3,B7cdMBs38jXzBgMUKzSl4,0.43,0.25,3.82,4.38,0,0
Random Forest Forecasting Model in Scikit-Learn,Daily Stock Prices ,With performance tracking 3,B7cdMBs38jXzBgMUKzSl4,57.95,1.66,224.5,12.17,0,0
Random Forest Forecasting Model in Scikit-Learn,Daily Weather in 26 World Cities,With performance tracking 3,B7cdMBs38jXzBgMUKzSl4,65.14,2.35,292.57,18.32,0,0
Random Forest Forecasting Model in Scikit-Learn,GDP per Capita Change,With performance tracking 3,B7cdMBs38jXzBgMUKzSl4,0.94,0.2,4.67,5.48,0,0
Random Forest Forecasting Model in Scikit-Learn,Geometric Brownian Motion,With performance tracking 3,B7cdMBs38jXzBgMUKzSl4,4.09,0.42,19.25,7.23,0,0
Random Forest Forecasting Model in Scikit-Learn,M4 Forecasting Competition Sampled Daily Series,With performance tracking 3,B7cdMBs38jXzBgMUKzSl4,41.09,0.63,131.53,14.77,0,0
Random Forest Forecasting Model in Scikit-Learn,M4 Forecasting Competition Sampled Hourly Series,With performance tracking 3,B7cdMBs38jXzBgMUKzSl4,48.42,0.4,42.49,43.82,0,0
Random Forest Forecasting Model in Scikit-Learn,M4 Forecasting Competition Sampled Monthly Series,With performance tracking 3,B7cdMBs38jXzBgMUKzSl4,10.45,0.39,15.07,13.8,0,0
Random Forest Forecasting Model in Scikit-Learn,M4 Forecasting Competition Sampled Quarterly Series,With performance tracking 3,B7cdMBs38jXzBgMUKzSl4,1.11,0.21,4.2,5.81,0,0
Random Forest Forecasting Model in Scikit-Learn,M4 Forecasting Competition Sampled Yearly Series,With performance tracking 3,B7cdMBs38jXzBgMUKzSl4,0.53,0.24,4.4,4.04,0,0
Random Forest Forecasting Model in Scikit-Learn,Multi-Seasonality Timeseries With Covariates,With performance tracking 3,B7cdMBs38jXzBgMUKzSl4,2.85,0.29,22.12,9.57,0,0
Random Forest Forecasting Model in Scikit-Learn,Online Retail Sales,With performance tracking 3,B7cdMBs38jXzBgMUKzSl4,14.94,0.35,25.27,5.5,0,0
Random Forest Forecasting Model in Scikit-Learn,PJM Hourly Energy Consumption,With performance tracking 3,B7cdMBs38jXzBgMUKzSl4,51.34,1.76,300.87,48.7,0,0
Random Forest Forecasting Model in Scikit-Learn,Random Walk Dataset,With performance tracking 3,B7cdMBs38jXzBgMUKzSl4,12.21,0.35,25.31,9.68,0,0
Random Forest Forecasting Model in Scikit-Learn,Seattle Burke Gilman Trail,With performance tracking 3,B7cdMBs38jXzBgMUKzSl4,127.9,0.87,551.79,78.93,0,0
Random Forest Forecasting Model in Scikit-Learn,Smoke Test Forecasting,With performance tracking 3,B7cdMBs38jXzBgMUKzSl4,0.34,0.14,1.44,2.69,0,0
Random Forest Forecasting Model in Scikit-Learn,Sunspots,With performance tracking 3,B7cdMBs38jXzBgMUKzSl4,51.63,0.57,33.08,46.75,0,0
Random Forest Forecasting Model in Scikit-Learn,Theme Park Attendance,With performance tracking 3,B7cdMBs38jXzBgMUKzSl4,1.37,0.57,3.85,8.11,0,0
Ridge Forecaster in Skforecast,ARIMA Process,update alpha and resource tracki,zuUuIJMb8YQ5NLYmwkDl8,0.32,0.31,16.42,1.62,0,0
Ridge Forecaster in Skforecast,Air Quality KDD 2018,update alpha and resource tracki,zuUuIJMb8YQ5NLYmwkDl8,9.82,1.11,374.23,2.23,0,0
Ridge Forecaster in Skforecast,Airline Passengers,update alpha and resource tracki,zuUuIJMb8YQ5NLYmwkDl8,0.09,0.07,1.38,1.39,0,0
Ridge Forecaster in Skforecast,Atmospheric CO2 Concentrations,update alpha and resource tracki,zuUuIJMb8YQ5NLYmwkDl8,0.11,0.07,3.68,1.42,0,0
Ridge Forecaster in Skforecast,Australian Beer Production,update alpha and resource tracki,zuUuIJMb8YQ5NLYmwkDl8,0.08,0.06,1.38,1.38,0,0
Ridge Forecaster in Skforecast,Avocado Sales,update alpha and resource tracki,zuUuIJMb8YQ5NLYmwkDl8,1.73,1.06,91.91,2.67,0,0
Ridge Forecaster in Skforecast,Bank Branch Transactions,update alpha and resource tracki,zuUuIJMb8YQ5NLYmwkDl8,0.52,0.36,17.24,1.86,0,0
Ridge Forecaster in Skforecast,Climate Related Disasters Frequency,update alpha and resource tracki,zuUuIJMb8YQ5NLYmwkDl8,0.59,0.44,5.73,1.92,0,0
Ridge Forecaster in Skforecast,Daily Stock Prices ,update alpha and resource tracki,zuUuIJMb8YQ5NLYmwkDl8,1.49,0.55,26.93,1.94,0,0
Ridge Forecaster in Skforecast,Daily Weather in 26 World Cities,update alpha and resource tracki,zuUuIJMb8YQ5NLYmwkDl8,1.72,0.31,18.1,1.72,0,0
Ridge Forecaster in Skforecast,GDP per Capita Change,update alpha and resource tracki,zuUuIJMb8YQ5NLYmwkDl8,0.89,0.76,21.29,2.43,0,0
Ridge Forecaster in Skforecast,Geometric Brownian Motion,update alpha and resource tracki,zuUuIJMb8YQ5NLYmwkDl8,1.74,0.79,23.81,2.43,0,0
Ridge Forecaster in Skforecast,M4 Forecasting Competition Sampled Daily Series,update alpha and resource tracki,zuUuIJMb8YQ5NLYmwkDl8,1.17,1.06,155.81,2.26,0,0
Ridge Forecaster in Skforecast,M4 Forecasting Competition Sampled Hourly Series,update alpha and resource tracki,zuUuIJMb8YQ5NLYmwkDl8,0.7,0.73,105.01,1.93,0,0
Ridge Forecaster in Skforecast,M4 Forecasting Competition Sampled Monthly Series,update alpha and resource tracki,zuUuIJMb8YQ5NLYmwkDl8,1.03,0.98,94.6,2.35,0,0
Ridge Forecaster in Skforecast,M4 Forecasting Competition Sampled Quarterly Series,update alpha and resource tracki,zuUuIJMb8YQ5NLYmwkDl8,0.65,0.75,11.85,2.18,0,0
Ridge Forecaster in Skforecast,M4 Forecasting Competition Sampled Yearly Series,update alpha and resource tracki,zuUuIJMb8YQ5NLYmwkDl8,0.99,0.84,16.04,2.47,0,0
Ridge Forecaster in Skforecast,Multi-Seasonality Timeseries With Covariates,update alpha and resource tracki,zuUuIJMb8YQ5NLYmwkDl8,0.42,0.37,15.69,1.81,0,0
Ridge Forecaster in Skforecast,Online Retail Sales,update alpha and resource tracki,zuUuIJMb8YQ5NLYmwkDl8,0.52,0.48,24.84,1.88,0,0
Ridge Forecaster in Skforecast,PJM Hourly Energy Consumption,update alpha and resource tracki,zuUuIJMb8YQ5NLYmwkDl8,1.05,0.27,40.3,1.6,0,0
Ridge Forecaster in Skforecast,Random Walk Dataset,update alpha and resource tracki,zuUuIJMb8YQ5NLYmwkDl8,0.88,0.76,44.85,2.15,0,0
Ridge Forecaster in Skforecast,Seattle Burke Gilman Trail,update alpha and resource tracki,zuUuIJMb8YQ5NLYmwkDl8,0.48,0.23,75.68,1.65,0,0
Ridge Forecaster in Skforecast,Smoke Test Forecasting,update alpha and resource tracki,zuUuIJMb8YQ5NLYmwkDl8,0.13,0.11,1.38,1.38,0,0
Ridge Forecaster in Skforecast,Sunspots,update alpha and resource tracki,zuUuIJMb8YQ5NLYmwkDl8,0.21,0.09,17.69,1.51,0,0
Ridge Forecaster in Skforecast,Theme Park Attendance,update alpha and resource tracki,zuUuIJMb8YQ5NLYmwkDl8,0.38,0.09,3.32,1.57,0,0
Single Exponential Smoothing Forecaster in NumPy,ARIMA Process,adding loading data to tracked t,oYiQN3Jx8lWAW89BUekHc,0.14,0.08,2.28,1.37,0,0
Single Exponential Smoothing Forecaster in NumPy,Air Quality KDD 2018,adding loading data to tracked t,oYiQN3Jx8lWAW89BUekHc,8.91,0.13,58.5,1.49,0,0
Single Exponential Smoothing Forecaster in NumPy,Airline Passengers,adding loading data to tracked t,oYiQN3Jx8lWAW89BUekHc,0.05,0.05,1.38,1.36,0,0
Single Exponential Smoothing Forecaster in NumPy,Atmospheric CO2 Concentrations,adding loading data to tracked t,oYiQN3Jx8lWAW89BUekHc,0.08,0.06,1.42,1.36,0,0
Single Exponential Smoothing Forecaster in NumPy,Australian Beer Production,adding loading data to tracked t,oYiQN3Jx8lWAW89BUekHc,0.1,0.08,1.38,1.36,0,0
Single Exponential Smoothing Forecaster in NumPy,Avocado Sales,adding loading data to tracked t,oYiQN3Jx8lWAW89BUekHc,0.67,0.22,4.23,1.46,0,0
Single Exponential Smoothing Forecaster in NumPy,Bank Branch Transactions,adding loading data to tracked t,oYiQN3Jx8lWAW89BUekHc,0.25,0.11,2.06,1.38,0,0
Single Exponential Smoothing Forecaster in NumPy,Climate Related Disasters Frequency,adding loading data to tracked t,oYiQN3Jx8lWAW89BUekHc,0.16,0.12,1.48,1.36,0,0
Single Exponential Smoothing Forecaster in NumPy,Daily Stock Prices ,adding loading data to tracked t,oYiQN3Jx8lWAW89BUekHc,1.11,0.12,8.99,1.37,0,0
Single Exponential Smoothing Forecaster in NumPy,Daily Weather in 26 World Cities,adding loading data to tracked t,oYiQN3Jx8lWAW89BUekHc,1.54,0.12,18.02,1.38,0,0
Single Exponential Smoothing Forecaster in NumPy,GDP per Capita Change,adding loading data to tracked t,oYiQN3Jx8lWAW89BUekHc,0.18,0.18,1.55,1.39,0,0
Single Exponential Smoothing Forecaster in NumPy,Geometric Brownian Motion,adding loading data to tracked t,oYiQN3Jx8lWAW89BUekHc,0.36,0.25,5.3,1.37,0,0
Single Exponential Smoothing Forecaster in NumPy,M4 Forecasting Competition Sampled Daily Series,adding loading data to tracked t,oYiQN3Jx8lWAW89BUekHc,0.41,0.15,7.7,1.4,0,0
Single Exponential Smoothing Forecaster in NumPy,M4 Forecasting Competition Sampled Hourly Series,adding loading data to tracked t,oYiQN3Jx8lWAW89BUekHc,0.23,0.13,2.69,1.38,0,0
Single Exponential Smoothing Forecaster in NumPy,M4 Forecasting Competition Sampled Monthly Series,adding loading data to tracked t,oYiQN3Jx8lWAW89BUekHc,0.26,0.18,2.79,1.4,0,0
Single Exponential Smoothing Forecaster in NumPy,M4 Forecasting Competition Sampled Quarterly Series,adding loading data to tracked t,oYiQN3Jx8lWAW89BUekHc,0.2,0.16,1.51,1.39,0,0
Single Exponential Smoothing Forecaster in NumPy,M4 Forecasting Competition Sampled Yearly Series,adding loading data to tracked t,oYiQN3Jx8lWAW89BUekHc,0.19,0.2,1.47,1.39,0,0
Single Exponential Smoothing Forecaster in NumPy,Multi-Seasonality Timeseries With Covariates,adding loading data to tracked t,oYiQN3Jx8lWAW89BUekHc,0.19,0.11,2.54,1.37,0,0
Single Exponential Smoothing Forecaster in NumPy,Online Retail Sales,adding loading data to tracked t,oYiQN3Jx8lWAW89BUekHc,0.21,0.11,2.13,1.37,0,0
Single Exponential Smoothing Forecaster in NumPy,PJM Hourly Energy Consumption,adding loading data to tracked t,oYiQN3Jx8lWAW89BUekHc,0.93,0.07,11.27,1.37,0,0
Single Exponential Smoothing Forecaster in NumPy,Random Walk Dataset,adding loading data to tracked t,oYiQN3Jx8lWAW89BUekHc,0.27,0.19,3.66,1.38,0,0
Single Exponential Smoothing Forecaster in NumPy,Seattle Burke Gilman Trail,adding loading data to tracked t,oYiQN3Jx8lWAW89BUekHc,0.27,0.07,3.63,1.38,0,0
Single Exponential Smoothing Forecaster in NumPy,Smoke Test Forecasting,adding loading data to tracked t,oYiQN3Jx8lWAW89BUekHc,0.05,0.05,1.39,1.36,0,0
Single Exponential Smoothing Forecaster in NumPy,Sunspots,adding loading data to tracked t,oYiQN3Jx8lWAW89BUekHc,0.09,0.05,1.51,1.36,0,0
Single Exponential Smoothing Forecaster in NumPy,Theme Park Attendance,adding loading data to tracked t,oYiQN3Jx8lWAW89BUekHc,0.29,0.08,3.32,1.5,0,0
TBATS Forecaster in Darts,ARIMA Process,Add njobs,vg1d7ZKt5xxuTG3JpQwXP,1268.65,0.21,2.38,2.36,0,0
TBATS Forecaster in Darts,Air Quality KDD 2018,Add njobs,vg1d7ZKt5xxuTG3JpQwXP,4558.47,0.4,59.95,3.93,0,0
TBATS Forecaster in Darts,Airline Passengers,Add njobs,vg1d7ZKt5xxuTG3JpQwXP,77.36,0.06,1.39,1.36,0,0
TBATS Forecaster in Darts,Atmospheric CO2 Concentrations,Add njobs,vg1d7ZKt5xxuTG3JpQwXP,237.46,0.07,1.43,1.37,0,0
TBATS Forecaster in Darts,Australian Beer Production,Add njobs,vg1d7ZKt5xxuTG3JpQwXP,76.5,0.06,1.39,1.36,0,0
TBATS Forecaster in Darts,Avocado Sales,Add njobs,vg1d7ZKt5xxuTG3JpQwXP,5799.36,1.38,6.28,6.51,0,0
TBATS Forecaster in Darts,Bank Branch Transactions,Add njobs,vg1d7ZKt5xxuTG3JpQwXP,2166.84,0.38,2.45,3.07,0,0
TBATS Forecaster in Darts,Climate Related Disasters Frequency,Add njobs,vg1d7ZKt5xxuTG3JpQwXP,2500.77,0.5,2.01,3.69,0,0
TBATS Forecaster in Darts,Daily Stock Prices ,Add njobs,vg1d7ZKt5xxuTG3JpQwXP,2683.08,0.42,9.15,3.56,0,0
TBATS Forecaster in Darts,Daily Weather in 26 World Cities,Add njobs,vg1d7ZKt5xxuTG3JpQwXP,2222.52,0.29,18,2.61,0,0
TBATS Forecaster in Darts,GDP per Capita Change,Add njobs,vg1d7ZKt5xxuTG3JpQwXP,4195.48,0.96,2.78,5.59,0,0
TBATS Forecaster in Darts,Geometric Brownian Motion,Add njobs,vg1d7ZKt5xxuTG3JpQwXP,4891.53,0.81,5.92,5.53,0,0
TBATS Forecaster in Darts,M4 Forecasting Competition Sampled Daily Series,Add njobs,vg1d7ZKt5xxuTG3JpQwXP,3725.94,0.51,7.67,4.26,0,0
TBATS Forecaster in Darts,M4 Forecasting Competition Sampled Hourly Series,Add njobs,vg1d7ZKt5xxuTG3JpQwXP,3461.02,0.31,3.43,3.07,0,0
TBATS Forecaster in Darts,M4 Forecasting Competition Sampled Monthly Series,Add njobs,vg1d7ZKt5xxuTG3JpQwXP,7265.45,0.9,4.62,5.76,0,0
TBATS Forecaster in Darts,M4 Forecasting Competition Sampled Quarterly Series,Add njobs,vg1d7ZKt5xxuTG3JpQwXP,4602.4,0.86,2.76,5.13,0,0
TBATS Forecaster in Darts,M4 Forecasting Competition Sampled Yearly Series,Add njobs,vg1d7ZKt5xxuTG3JpQwXP,5355.49,1.05,3,6.09,0,0
TBATS Forecaster in Darts,Multi-Seasonality Timeseries With Covariates,Add njobs,vg1d7ZKt5xxuTG3JpQwXP,2021.67,0.3,2.51,2.75,0,0
TBATS Forecaster in Darts,Online Retail Sales,Add njobs,vg1d7ZKt5xxuTG3JpQwXP,2793.25,0.42,2.8,3.32,0,0
TBATS Forecaster in Darts,PJM Hourly Energy Consumption,Add njobs,vg1d7ZKt5xxuTG3JpQwXP,1360.58,0.15,11.25,2.02,0,0
TBATS Forecaster in Darts,Random Walk Dataset,Add njobs,vg1d7ZKt5xxuTG3JpQwXP,3525.82,0.53,4.43,4.3,0,0
TBATS Forecaster in Darts,Seattle Burke Gilman Trail,Add njobs,vg1d7ZKt5xxuTG3JpQwXP,485.46,0.15,4.25,1.71,0,0
TBATS Forecaster in Darts,Smoke Test Forecasting,Add njobs,vg1d7ZKt5xxuTG3JpQwXP,255.84,0.08,1.4,1.46,0,0
TBATS Forecaster in Darts,Sunspots,Add njobs,vg1d7ZKt5xxuTG3JpQwXP,112.63,0.07,1.5,1.4,0,0
TBATS Forecaster in Darts,Theme Park Attendance,Add njobs,vg1d7ZKt5xxuTG3JpQwXP,109.76,0.12,3.3,1.54,0,0
Temporal Fusion Transformer Forecaster in GluonTS,ARIMA Process,Final benchmark 2,kBz63n5uvx5vksbE435wt,105.17,1.64,17.7,8.34,78.33,26.33
Temporal Fusion Transformer Forecaster in GluonTS,Air Quality KDD 2018,Final benchmark 2,kBz63n5uvx5vksbE435wt,186.05,1.86,88.57,17.6,316.14,69.96
Temporal Fusion Transformer Forecaster in GluonTS,Airline Passengers,Final benchmark 2,kBz63n5uvx5vksbE435wt,155.08,0.86,14.51,5.33,40.11,16.92
Temporal Fusion Transformer Forecaster in GluonTS,Atmospheric CO2 Concentrations,Final benchmark 2,kBz63n5uvx5vksbE435wt,117.07,0.85,14.5,5.35,79.62,17.3
Temporal Fusion Transformer Forecaster in GluonTS,Australian Beer Production,Final benchmark 2,kBz63n5uvx5vksbE435wt,35.65,0.88,14.36,5.33,31.83,16.83
Temporal Fusion Transformer Forecaster in GluonTS,Avocado Sales,Final benchmark 2,kBz63n5uvx5vksbE435wt,195.81,2.13,22.07,18.43,49.82,21.86
Temporal Fusion Transformer Forecaster in GluonTS,Bank Branch Transactions,Final benchmark 2,kBz63n5uvx5vksbE435wt,133.4,1.91,18.46,11.24,50.91,22.97
Temporal Fusion Transformer Forecaster in GluonTS,Climate Related Disasters Frequency,Final benchmark 2,kBz63n5uvx5vksbE435wt,88.7,1.8,17.35,10.88,34.15,18.82
Temporal Fusion Transformer Forecaster in GluonTS,Daily Stock Prices ,Final benchmark 2,kBz63n5uvx5vksbE435wt,54.48,2.23,22.33,13.04,63.88,25.32
Temporal Fusion Transformer Forecaster in GluonTS,Daily Weather in 26 World Cities,Final benchmark 2,kBz63n5uvx5vksbE435wt,186.89,1.39,26.04,16.18,76.7,24.75
Temporal Fusion Transformer Forecaster in GluonTS,GDP per Capita Change,Final benchmark 2,kBz63n5uvx5vksbE435wt,34.26,1.12,15.43,7.11,29.61,18.31
Temporal Fusion Transformer Forecaster in GluonTS,Geometric Brownian Motion,Final benchmark 2,kBz63n5uvx5vksbE435wt,55.27,1.44,19.58,10.46,43.73,20.87
Temporal Fusion Transformer Forecaster in GluonTS,M4 Forecasting Competition Sampled Daily Series,Final benchmark 2,kBz63n5uvx5vksbE435wt,69.38,1.18,19.82,8.6,102.24,36.97
Temporal Fusion Transformer Forecaster in GluonTS,M4 Forecasting Competition Sampled Hourly Series,Final benchmark 2,kBz63n5uvx5vksbE435wt,161.26,1.11,17.88,8.11,133.03,42.2
Temporal Fusion Transformer Forecaster in GluonTS,M4 Forecasting Competition Sampled Monthly Series,Final benchmark 2,kBz63n5uvx5vksbE435wt,74.28,1.2,16.6,7.32,44.3,24.38
Temporal Fusion Transformer Forecaster in GluonTS,M4 Forecasting Competition Sampled Quarterly Series,Final benchmark 2,kBz63n5uvx5vksbE435wt,96.56,1.2,15.54,6.89,34.87,20.43
Temporal Fusion Transformer Forecaster in GluonTS,M4 Forecasting Competition Sampled Yearly Series,Final benchmark 2,kBz63n5uvx5vksbE435wt,27.66,1.21,15.5,7.26,30.33,18.62
Temporal Fusion Transformer Forecaster in GluonTS,Multi-Seasonality Timeseries With Covariates,Final benchmark 2,kBz63n5uvx5vksbE435wt,161.49,1.32,19.3,11.66,49.76,21.5
Temporal Fusion Transformer Forecaster in GluonTS,Online Retail Sales,Final benchmark 2,kBz63n5uvx5vksbE435wt,61.84,1.08,17.05,7.94,53.12,24.2
Temporal Fusion Transformer Forecaster in GluonTS,PJM Hourly Energy Consumption,Final benchmark 2,kBz63n5uvx5vksbE435wt,301.3,1.01,20.82,7.12,133.03,25.5
Temporal Fusion Transformer Forecaster in GluonTS,Random Walk Dataset,Final benchmark 2,kBz63n5uvx5vksbE435wt,75.28,1.43,18.86,9.22,68.99,26.72
Temporal Fusion Transformer Forecaster in GluonTS,Seattle Burke Gilman Trail,Final benchmark 2,kBz63n5uvx5vksbE435wt,199.84,0.97,18.62,7.9,353.56,24.34
Temporal Fusion Transformer Forecaster in GluonTS,Smoke Test Forecasting,Final benchmark 2,kBz63n5uvx5vksbE435wt,109.49,1.08,17.09,8.12,45.84,17.68
Temporal Fusion Transformer Forecaster in GluonTS,Sunspots,Final benchmark 2,kBz63n5uvx5vksbE435wt,260.47,0.85,14.8,5.38,211.8,18.06
Temporal Fusion Transformer Forecaster in GluonTS,Theme Park Attendance,Final benchmark 2,kBz63n5uvx5vksbE435wt,509.18,1.85,40.77,32.71,217.82,20.83
Theta Forecaster in Darts,ARIMA Process,removed gpu memory,vi1x4MUsaNFGjNjxtmHxK,0.75,0.29,3.19,0.67,0,0
Theta Forecaster in Darts,Air Quality KDD 2018,removed gpu memory,vi1x4MUsaNFGjNjxtmHxK,11.17,5.08,61.32,4.26,0,0
Theta Forecaster in Darts,Airline Passengers,removed gpu memory,vi1x4MUsaNFGjNjxtmHxK,0.04,0.01,0.62,0.26,0,0
Theta Forecaster in Darts,Atmospheric CO2 Concentrations,removed gpu memory,vi1x4MUsaNFGjNjxtmHxK,0.02,0.01,0.43,0.23,0,0
Theta Forecaster in Darts,Australian Beer Production,removed gpu memory,vi1x4MUsaNFGjNjxtmHxK,0.05,0.01,0.64,0.26,0,0
Theta Forecaster in Darts,Avocado Sales,removed gpu memory,vi1x4MUsaNFGjNjxtmHxK,2.74,0.84,6.24,1.58,0,0
Theta Forecaster in Darts,Bank Branch Transactions,removed gpu memory,vi1x4MUsaNFGjNjxtmHxK,0.79,0.26,2.18,0.67,0,0
Theta Forecaster in Darts,Climate Related Disasters Frequency,removed gpu memory,vi1x4MUsaNFGjNjxtmHxK,1.17,0.37,2.08,0.73,0,0
Theta Forecaster in Darts,Daily Stock Prices ,removed gpu memory,vi1x4MUsaNFGjNjxtmHxK,1.52,0.68,9.22,1.21,0,0
Theta Forecaster in Darts,Daily Weather in 26 World Cities,removed gpu memory,vi1x4MUsaNFGjNjxtmHxK,1.1,0.38,8.75,0.78,0,0
Theta Forecaster in Darts,GDP per Capita Change,removed gpu memory,vi1x4MUsaNFGjNjxtmHxK,2.11,0.65,3.35,1.1,0,0
Theta Forecaster in Darts,Geometric Brownian Motion,removed gpu memory,vi1x4MUsaNFGjNjxtmHxK,2.35,0.95,8.27,1.59,0,0
Theta Forecaster in Darts,M4 Forecasting Competition Sampled Daily Series,removed gpu memory,vi1x4MUsaNFGjNjxtmHxK,2,0.89,9.88,1.63,0,0
Theta Forecaster in Darts,M4 Forecasting Competition Sampled Hourly Series,removed gpu memory,vi1x4MUsaNFGjNjxtmHxK,1.1,0.41,4.33,0.96,0,0
Theta Forecaster in Darts,M4 Forecasting Competition Sampled Monthly Series,removed gpu memory,vi1x4MUsaNFGjNjxtmHxK,1.81,0.79,5.19,1.32,0,0
Theta Forecaster in Darts,M4 Forecasting Competition Sampled Quarterly Series,removed gpu memory,vi1x4MUsaNFGjNjxtmHxK,1.43,0.65,2.8,1.03,0,0
Theta Forecaster in Darts,M4 Forecasting Competition Sampled Yearly Series,removed gpu memory,vi1x4MUsaNFGjNjxtmHxK,1.26,0.64,2.96,1.18,0,0
Theta Forecaster in Darts,Multi-Seasonality Timeseries With Covariates,removed gpu memory,vi1x4MUsaNFGjNjxtmHxK,0.88,0.29,2.32,0.7,0,0
Theta Forecaster in Darts,Online Retail Sales,removed gpu memory,vi1x4MUsaNFGjNjxtmHxK,1.02,0.35,3.14,0.76,0,0
Theta Forecaster in Darts,PJM Hourly Energy Consumption,removed gpu memory,vi1x4MUsaNFGjNjxtmHxK,3.06,1.36,14.48,1.82,0,0
Theta Forecaster in Darts,Random Walk Dataset,removed gpu memory,vi1x4MUsaNFGjNjxtmHxK,1.6,0.67,5.77,1.28,0,0
Theta Forecaster in Darts,Seattle Burke Gilman Trail,removed gpu memory,vi1x4MUsaNFGjNjxtmHxK,0.34,0.18,4.09,0.81,0,0
Theta Forecaster in Darts,Smoke Test Forecasting,removed gpu memory,vi1x4MUsaNFGjNjxtmHxK,0.13,0.04,0.58,0.32,0,0
Theta Forecaster in Darts,Sunspots,removed gpu memory,vi1x4MUsaNFGjNjxtmHxK,0.07,0.03,1,0.3,0,0
Theta Forecaster in Darts,Theme Park Attendance,removed gpu memory,vi1x4MUsaNFGjNjxtmHxK,0.06,0.02,1.12,0.28,0,0
Variational Encoder Forecasting Model with Pretraining,ARIMA Process,Final benchmark 7,218ynQrfbj7xl1KPWwRdx,111.99,2.5,36.21,4.77,163.33,41.06
Variational Encoder Forecasting Model with Pretraining,Air Quality KDD 2018,Final benchmark 7,218ynQrfbj7xl1KPWwRdx,290.19,25.92,9588.79,82.92,773.11,67.09
Variational Encoder Forecasting Model with Pretraining,Airline Passengers,Final benchmark 7,218ynQrfbj7xl1KPWwRdx,70.15,2.33,15.96,4.42,111.09,33.68
Variational Encoder Forecasting Model with Pretraining,Atmospheric CO2 Concentrations,Final benchmark 7,218ynQrfbj7xl1KPWwRdx,87.37,2.36,35.89,4.54,266.55,34.4
Variational Encoder Forecasting Model with Pretraining,Australian Beer Production,Final benchmark 7,218ynQrfbj7xl1KPWwRdx,48.86,2.35,13.97,4.41,69.6,33.57
Variational Encoder Forecasting Model with Pretraining,Avocado Sales,Final benchmark 7,218ynQrfbj7xl1KPWwRdx,92.39,4.01,144.55,5.89,115.62,37.75
Variational Encoder Forecasting Model with Pretraining,Bank Branch Transactions,Final benchmark 7,218ynQrfbj7xl1KPWwRdx,63.49,2.68,108.2,4.75,110.12,38.3
Variational Encoder Forecasting Model with Pretraining,Climate Related Disasters Frequency,Final benchmark 7,218ynQrfbj7xl1KPWwRdx,26.73,2.62,19.99,4.56,52.93,34.96
Variational Encoder Forecasting Model with Pretraining,Daily Stock Prices ,Final benchmark 7,218ynQrfbj7xl1KPWwRdx,76.76,5.42,223.85,10.75,144.94,41.23
Variational Encoder Forecasting Model with Pretraining,Daily Weather in 26 World Cities,Final benchmark 7,218ynQrfbj7xl1KPWwRdx,81.64,6.93,386.57,17.87,204.63,38.08
Variational Encoder Forecasting Model with Pretraining,GDP per Capita Change,Final benchmark 7,218ynQrfbj7xl1KPWwRdx,33.43,2.56,13.47,4.5,61.98,35.71
Variational Encoder Forecasting Model with Pretraining,Geometric Brownian Motion,Final benchmark 7,218ynQrfbj7xl1KPWwRdx,45.6,2.96,19.28,5.55,77.77,37.08
Variational Encoder Forecasting Model with Pretraining,M4 Forecasting Competition Sampled Daily Series,Final benchmark 7,218ynQrfbj7xl1KPWwRdx,124.97,3.15,130.75,7.48,311.12,53.74
Variational Encoder Forecasting Model with Pretraining,M4 Forecasting Competition Sampled Hourly Series,Final benchmark 7,218ynQrfbj7xl1KPWwRdx,241.4,2.74,83.37,5.15,374.07,58.02
Variational Encoder Forecasting Model with Pretraining,M4 Forecasting Competition Sampled Monthly Series,Final benchmark 7,218ynQrfbj7xl1KPWwRdx,87.97,2.81,31.43,4.9,136.31,41.83
Variational Encoder Forecasting Model with Pretraining,M4 Forecasting Competition Sampled Quarterly Series,Final benchmark 7,218ynQrfbj7xl1KPWwRdx,41.84,2.57,14.4,4.53,69.33,36.29
Variational Encoder Forecasting Model with Pretraining,M4 Forecasting Competition Sampled Yearly Series,Final benchmark 7,218ynQrfbj7xl1KPWwRdx,39.8,2.53,13.25,4.49,51.2,34.93
Variational Encoder Forecasting Model with Pretraining,Multi-Seasonality Timeseries With Covariates,Final benchmark 7,218ynQrfbj7xl1KPWwRdx,48.85,2.71,52.43,4.82,83.46,37.15
Variational Encoder Forecasting Model with Pretraining,Online Retail Sales,Final benchmark 7,218ynQrfbj7xl1KPWwRdx,78.62,2.77,47.96,4.71,129.34,40.97
Variational Encoder Forecasting Model with Pretraining,PJM Hourly Energy Consumption,Final benchmark 7,218ynQrfbj7xl1KPWwRdx,199.73,4.34,300.81,12.98,378.53,41.47
Variational Encoder Forecasting Model with Pretraining,Random Walk Dataset,Final benchmark 7,218ynQrfbj7xl1KPWwRdx,68.78,2.8,32.26,5.24,143.06,42.5
Variational Encoder Forecasting Model with Pretraining,Seattle Burke Gilman Trail,Final benchmark 7,218ynQrfbj7xl1KPWwRdx,440.47,2.84,1061.55,7.33,1003.71,41.52
Variational Encoder Forecasting Model with Pretraining,Smoke Test Forecasting,Final benchmark 7,218ynQrfbj7xl1KPWwRdx,38.6,2.32,13.93,4.38,77.77,34
Variational Encoder Forecasting Model with Pretraining,Sunspots,Final benchmark 7,218ynQrfbj7xl1KPWwRdx,198.08,2.43,94.17,5.58,644.66,35.77
Variational Encoder Forecasting Model with Pretraining,Theme Park Attendance,Final benchmark 7,218ynQrfbj7xl1KPWwRdx,83.15,2.88,17.21,5.33,102.86,33.62
Voting Forecaster in MLForecast,ARIMA Process,With fixed performance tracking ,MHF9kqnbyiTF51q5MtH9u,30.35,12.31,30.17,20.52,0,0
Voting Forecaster in MLForecast,Air Quality KDD 2018,With fixed performance tracking ,MHF9kqnbyiTF51q5MtH9u,515.39,109.16,274.3,59.18,0,0
Voting Forecaster in MLForecast,Airline Passengers,With fixed performance tracking ,MHF9kqnbyiTF51q5MtH9u,9.23,8.76,22.85,21.65,0,0
Voting Forecaster in MLForecast,Atmospheric CO2 Concentrations,With fixed performance tracking ,MHF9kqnbyiTF51q5MtH9u,11.35,16.57,23.42,21.15,0,0
Voting Forecaster in MLForecast,Australian Beer Production,With fixed performance tracking ,MHF9kqnbyiTF51q5MtH9u,9.25,7.81,22.59,23.94,0,0
Voting Forecaster in MLForecast,Avocado Sales,With fixed performance tracking ,MHF9kqnbyiTF51q5MtH9u,25.8,8.9,29.1,22.03,0,0
Voting Forecaster in MLForecast,Bank Branch Transactions,With fixed performance tracking ,MHF9kqnbyiTF51q5MtH9u,14.29,8.13,24.25,21.92,0,0
Voting Forecaster in MLForecast,Climate Related Disasters Frequency,With fixed performance tracking ,MHF9kqnbyiTF51q5MtH9u,9.97,7.25,22.82,23.98,0,0
Voting Forecaster in MLForecast,Daily Stock Prices ,With fixed performance tracking ,MHF9kqnbyiTF51q5MtH9u,32.49,10.64,32.16,21.85,0,0
Voting Forecaster in MLForecast,Daily Weather in 26 World Cities,With fixed performance tracking ,MHF9kqnbyiTF51q5MtH9u,14.2,8.36,25.54,21.89,0,0
Voting Forecaster in MLForecast,GDP per Capita Change,With fixed performance tracking ,MHF9kqnbyiTF51q5MtH9u,11.36,7.37,23.93,24.02,0,0
Voting Forecaster in MLForecast,Geometric Brownian Motion,With fixed performance tracking ,MHF9kqnbyiTF51q5MtH9u,19.41,8.27,26.45,21.85,0,0
Voting Forecaster in MLForecast,M4 Forecasting Competition Sampled Daily Series,With fixed performance tracking ,MHF9kqnbyiTF51q5MtH9u,247.01,42.1,128.3,53.9,0,0
Voting Forecaster in MLForecast,M4 Forecasting Competition Sampled Hourly Series,With fixed performance tracking ,MHF9kqnbyiTF51q5MtH9u,182.87,39.39,102.06,36.89,0,0
Voting Forecaster in MLForecast,M4 Forecasting Competition Sampled Monthly Series,With fixed performance tracking ,MHF9kqnbyiTF51q5MtH9u,54.49,13.58,44.25,31.27,0,0
Voting Forecaster in MLForecast,M4 Forecasting Competition Sampled Quarterly Series,With fixed performance tracking ,MHF9kqnbyiTF51q5MtH9u,13.33,8.58,23.5,21.97,0,0
Voting Forecaster in MLForecast,M4 Forecasting Competition Sampled Yearly Series,With fixed performance tracking ,MHF9kqnbyiTF51q5MtH9u,10.94,7.26,23.61,23.65,0,0
Voting Forecaster in MLForecast,Multi-Seasonality Timeseries With Covariates,With fixed performance tracking ,MHF9kqnbyiTF51q5MtH9u,12.78,7.65,24.24,21.79,0,0
Voting Forecaster in MLForecast,Online Retail Sales,With fixed performance tracking ,MHF9kqnbyiTF51q5MtH9u,22.06,10.24,28.28,21.86,0,0
Voting Forecaster in MLForecast,PJM Hourly Energy Consumption,With fixed performance tracking ,MHF9kqnbyiTF51q5MtH9u,58.4,27.26,49.1,21.33,0,0
Voting Forecaster in MLForecast,Random Walk Dataset,With fixed performance tracking ,MHF9kqnbyiTF51q5MtH9u,54.63,13.47,42.8,28.68,0,0
Voting Forecaster in MLForecast,Seattle Burke Gilman Trail,With fixed performance tracking ,MHF9kqnbyiTF51q5MtH9u,76.25,90.51,80.65,21.82,0,0
Voting Forecaster in MLForecast,Smoke Test Forecasting,With fixed performance tracking ,MHF9kqnbyiTF51q5MtH9u,9.3,7.17,23.39,22.95,0,0
Voting Forecaster in MLForecast,Sunspots,With fixed performance tracking ,MHF9kqnbyiTF51q5MtH9u,24.93,59.72,32.79,21.19,0,0
Voting Forecaster in MLForecast,Theme Park Attendance,With fixed performance tracking ,MHF9kqnbyiTF51q5MtH9u,9.98,8.24,23.32,22.12,0,0
